year,log_Y,firm_ID,log_L,log_K,log_M,industry,revenue,material_cost,alpha_m,markup
2020,10.123016870370009,42139,4.59511985013459,7.195030518688698,9.834315036878415,4632,24909.807250000067,18663.313610000012,0.7492355690548332,0.840073992849195
2021,10.094419549489906,42139,4.553876891600541,7.151979072467505,9.761634059668385,4632,24207.54279899999,17354.967570000004,0.7169239651501075,0.8779359411548584
2022,10.30214346627573,42139,4.442651256490317,7.162857856490468,9.963344897011751,4632,29796.41807000002,21233.701610000015,0.7126259794085377,0.8832309433946407
2019,10.1511466584254,48939,4.77912349311153,6.961504554976328,9.823857419200428,4632,25620.463289999992,18469.15679000001,0.7208752074834168,0.8731238216359545
2015,10.897708698885555,50174,5.111987788356544,9.145221267399323,10.320907583929136,4632,54052.371540000015,30360.80006999999,0.5616922848155199,1.1205660698851412
2016,10.86256967969915,50174,5.093750200806762,9.123642621800522,10.320001138478306,4632,52186.00735999999,30333.292129999976,0.5812533601344279,1.0828553592102532
2017,11.00438334336088,50174,5.123963979403259,9.160730253936435,10.50503449902475,4632,60137.166680000046,36498.79404000002,0.6069257342005524,1.037051620342975
2018,10.997118375966489,50174,5.209486152841421,9.006511072594865,10.464598400597705,4632,59701.855301000025,35052.36623999998,0.5871235669859132,1.0720287031088194
2019,11.066516517419018,50174,5.225746673713202,8.99454170086854,10.622193627672903,4632,63992.20240000001,41035.53294999992,0.6412583316557318,0.981528480815812
2020,11.135665452722456,50174,5.214935757608986,8.964459723367128,10.628099969848597,4632,68573.77505000016,41278.62002000004,0.6019592765587425,1.0456078020405937
2021,11.041866222440786,50174,5.673323267171493,8.976000907167728,10.466784730119318,4632,62434.05897999995,35129.0861,0.5626590145493057,1.1186407749722052
2022,11.174658278890645,50174,5.808142489980444,9.09672302004898,10.660386607251771,4632,71300.47574999997,42633.116259999944,0.5979359297613097,1.0526434100251982
2015,10.160400323810563,51018,5.940171252720432,8.550574395467907,9.29400320216883,4632,25858.646819999987,10872.622399999991,0.4204637031351046,1.4969504178064275
2016,10.123656501303598,51018,5.924255797414532,8.597944673080905,9.33659259725292,4632,24925.745429999995,11345.682990000016,0.45517928528406776,1.3827811072020313
2021,10.128261600268308,51018,5.783825182329737,8.525631651255296,9.215813040570168,4632,25040.795660000007,10054.876710000017,0.40153982511273023,1.5674991039900663
2022,10.151474158977322,51018,5.673323267171493,8.440750122429371,9.384021653868816,4632,25628.85538000001,11896.76333999997,0.46419409542900797,1.3559270190604837
2021,11.951726888998438,57046,4.418840607796598,7.139045555432116,11.7401928537264,4632,155084.72958,125516.54402000003,0.8093417344178473,0.7776854810697045
2022,12.051223819322102,57046,5.062595033026967,7.487428261248578,11.854460988989906,4632,171308.93096000009,140710.6578499999,0.8213854179199521,0.7662825542659826
2020,10.243239091363534,58655,2.995732273553991,5.812430430755456,10.10094212545237,4632,28091.971180000026,24365.9544,0.8673636408023674,0.7256625554401664
2021,10.39262519099494,58655,2.8903717578961645,5.793306096093248,10.21397493677037,4632,32618.183600000022,27281.79576,0.836398375046242,0.7525281431180855
2021,10.358659946668562,59355,5.488937726156687,8.221702532485208,9.710766986988128,4632,31528.902589999987,16494.2479,0.5231469079177996,1.203129190967961
2022,10.600969437177014,59355,5.43372200355424,8.300461403246189,9.99647315943134,4632,40173.76450000003,21948.918789999996,0.54634956577196,1.1520340739929174
2023,10.66070469432034,59355,5.438079308923196,8.428417895271888,10.115100046006294,4632,42646.67945999996,24713.37925000002,0.5794912889567333,1.0861480199532845
2022,9.1758153939417,63046,3.8918202981106265,6.067906935248377,8.748870312828123,4632,9660.64209,6303.563030000003,0.6524993857835802,0.9646190169584238
2023,9.22207404045001,63046,3.871201010907891,6.135575713533998,8.78058750366386,4632,10118.027780000008,6506.698760000006,0.6430797484922502,0.9787484640221377
2015,10.044502708875743,65276,3.4657359027997265,7.578927580815194,9.926074898900564,4632,23028.841990000015,20456.887440000002,0.8883159408919974,0.7085466860456323
2020,10.242913141572734,65276,3.6375861597263857,7.418666023125286,10.105115289478858,4632,28082.81609999998,24467.84998999999,0.8712748003217529,0.7224050504480293
2021,10.325693857193436,65276,3.688879454113936,7.387706058382913,10.198265403798166,4632,30506.463469999948,26856.56036000002,0.8803564000924184,0.7149528486581772
2015,14.157898368681488,70478,7.085064293952548,11.287131380594683,13.975835917334784,4632,1408306.3479200033,1173892.745869999,0.8335492825149718,0.7551003033455641
2016,14.279375720614588,70478,7.29641326877392,11.493642845466558,14.072841428546983,4632,1590208.5364790042,1293473.0281399994,0.8133983678668784,0.7738069572614915
2017,14.591760665623092,70478,7.580189417944541,11.922173802632138,14.391789976469632,4632,2173307.297799996,1779405.6757199988,0.8187547511211426,0.7687446273974718
2018,14.603309515674532,70478,7.589841512182657,11.68574777780269,14.356744760231027,4632,2198551.9908999987,1718126.0692399992,0.7814807547656253,0.8054111534317957
2019,14.400286019864032,70478,7.454719949364001,11.659045756134349,14.167626740230295,4632,1794587.9870199976,1422073.7338699966,0.7924235223659446,0.7942890365006943
2020,14.261537078381698,70478,7.379008127628304,11.650228311899252,14.009581569245508,4632,1562092.89334,1214182.5005500023,0.7772793191279997,0.8097646503532958
2021,14.290061964115882,70478,8.014996894348302,11.676805452103697,14.059520320298333,4632,1607293.0139799996,1276356.790650003,0.7941033648180128,0.7926088012796384
2022,14.475727277656162,70478,8.03365842788615,11.795020600388735,14.262005581554831,4632,1935211.6874399995,1562824.9102799986,0.8075731044945197,0.779388655438814
2020,9.788286091558984,70826,3.970291913552122,5.281379731240107,9.529986117454138,4632,17823.731729999985,13766.399970000011,0.7723635083010769,0.8149185057499886
2021,9.75380966285268,70826,3.58351893845611,5.010524354609365,9.48806506561746,4632,17219.70527999999,13201.227090000024,0.7666349031729788,0.8210079054260273
2022,9.659328986329568,70826,3.7612001156935615,4.430730366536721,9.408203796647436,4632,15667.26818899999,12187.959250000029,0.7779249772820773,0.8090925660718384
2015,9.323376382315187,79286,3.49650756146648,7.439615547269905,8.951700306761737,4632,11196.722519999987,7721.008790000005,0.6895775773855665,0.9127520045922345
2016,9.304433700808485,79286,3.951243718581428,7.387606956622646,9.00315156660388,4632,10986.622779999992,8128.6616199999935,0.7398690009451657,0.8507091326660144
2017,9.360757272488296,79286,3.970291913552122,7.361292719076674,8.951860152630289,4632,11623.18713000003,7722.243059999993,0.6643825805805446,0.9473657715868234
2018,9.400349773913817,79286,3.970291913552122,7.384112450414629,9.040349765951412,4632,12092.609669999996,8436.727419999977,0.6976763205158494,0.9021566270375287
2019,9.419165669383254,79286,4.3694478524670215,7.502908124614316,8.955282072432837,4632,12322.29705999999,7748.713220000005,0.6288367487222396,1.0009168792368839
2020,9.341116791269265,79286,4.394449154672439,7.494369595841645,8.781331246402143,4632,11397.129350000017,6511.53987,0.571331575700682,1.1016603017409268
2021,9.490875408855905,79286,4.477336814478207,7.470353050667024,8.934127861240276,4632,13238.379249999994,7586.516920000003,0.5730699186609272,1.0983185394746615
2022,9.705051594797634,79286,4.51085950651685,7.769926140200062,9.086335954973228,4632,16400.245689999985,8833.759390000007,0.5386357958884953,1.1685322826387672
2023,9.796809348552676,79286,4.584967478670572,7.8779204585995775,9.11836506888394,4632,17976.297229999993,9121.276759999988,0.507405760112701,1.240453628158916
2015,7.1628766848526295,79488,2.5649493574615367,6.568506092201407,6.662567542707463,4632,1290.6182999999996,782.5576100000002,0.606343184503118,1.0380479770648694
2016,6.94481123728191,79488,2.5649493574615367,6.548970410717736,6.38434827384979,4632,1037.7510900000002,592.4984599999999,0.5709446761457989,1.1024068397124396
2017,6.918355101839999,79488,2.5649493574615367,6.52379373311272,6.442267024072669,4632,1010.6561999999997,627.8284900000001,0.6212087651567371,1.0132073972293765
2018,7.00277358892387,79488,2.5649493574615367,6.551127591069679,6.573457251055289,4632,1099.67899,715.8404100000001,0.6509539752141669,0.9669090904214122
2015,7.851087032554625,79738,2.302585092994046,6.671041365400416,7.4484313343063695,4632,2568.5248700000006,1717.1673700000006,0.668542239966709,0.9414712765372537
2016,8.036509840416453,79738,2.3978952727983707,6.719685886987129,7.6139595682700705,4632,3091.8034500000017,2026.285450000001,0.6553733064758692,0.9603890025138023
2017,8.064998061337679,79738,2.3978952727983707,7.163269473663001,7.811182226014723,4632,3181.15005,2468.046500000001,0.7758346702319184,0.8112724788290055
2018,8.03255522795329,79738,2.3978952727983707,7.239814148151404,7.893113528090514,4632,3079.6007100000015,2678.7713800000006,0.8698437337352086,0.7235935509677809
2019,8.13890682827454,79738,2.302585092994046,7.225581802538033,7.807767012043304,4632,3425.1715199999985,2459.631970000001,0.7181047593201995,0.876492333341966
2020,8.02547563680329,79738,2.5649493574615367,7.184692243979483,7.842958194766581,4632,3057.87539,2547.73038,0.833170111617923,0.7554439451245826
2021,8.140600770614938,79738,2.5649493574615367,7.238908824982782,7.466344208450246,4632,3430.978480000001,1748.20392,0.5095350874949234,1.2352698205239958
2022,8.209177303732941,79738,2.5649493574615367,7.194622171765237,7.702259307708554,4632,3674.518209999997,2213.34297,0.6023491634839393,1.0449310038716686
2023,8.129166700886815,79738,2.5649493574615367,7.173975147201419,7.4394429451365,4632,3391.9718599999974,1701.8019600000002,0.5017146457105341,1.2545245020486695
2017,9.593090518336112,80074,3.828641396489095,4.037417180515702,9.414237343227292,4632,14663.116209999998,12261.718159999997,0.8362286695673674,0.7526808622887408
2018,9.470956279727629,80074,4.61512051684126,4.464679202927341,8.97927250857104,4632,12977.29122000002,7936.856020000001,0.6115957394689636,1.0291329312186503
2019,9.4192857704585,80074,5.493061443340548,4.326528855921793,8.50053150930316,4632,12323.777070000002,4917.3817800000015,0.39901580108670376,1.5774145143283806
2020,9.349332847082971,80074,5.176149732573829,4.166186194356758,8.55548273655173,4632,11491.154529999998,5195.160180000001,0.4521008020940783,1.3921968577918094
2022,6.484818302846893,80107,2.4849066497880004,7.228697786888508,5.436172100051685,4632,655.1199200000001,229.56176000000008,0.3504118146796697,1.7962103151570763
2018,8.254367636170514,80123,3.091042453358316,6.393422963954945,7.881820619475904,4632,3844.380060000003,2648.69043,0.68897725736305,0.9135473041439873
2019,8.273037531327917,80123,2.9444389791664403,6.46586109148266,7.9043330148409,4632,3916.8284300000014,2708.9950499999986,0.6916297454468787,0.9100437339834963
2015,8.842044755955053,81459,2.6390573296152584,3.0864076382683616,8.770835592309398,4632,6919.126110000002,6443.554400000003,0.9312670845364893,0.6758676716183998
2016,8.848057616470136,81459,2.6390573296152584,4.353509226243521,8.775542157660208,4632,6960.855180000003,6473.952890000001,0.930051369061811,0.6767511311933803
2017,8.831145424158356,81459,2.4849066497880004,4.234788301106696,8.76960265548211,4632,6844.121749999995,6435.6147999999985,0.9403127289487513,0.6693659425244648
2018,8.910457170217118,81459,2.6390573296152584,4.670052929124472,8.842349511010054,4632,7409.047520000006,6921.235070000005,0.9341598972495184,0.6737747123739067
2019,8.864336518882698,81459,2.4849066497880004,4.535740040339299,8.797639634221886,4632,7075.097609999994,6618.603229999998,0.9354787163141348,0.6728248383463754
2020,8.74182585265572,81459,2.4849066497880004,4.380546414688619,8.658103319591119,4632,6259.313870000004,5756.6058600000015,0.919686403263877,0.6843781900513113
2021,8.775577089340121,81459,2.5649493574615367,4.389446663049648,8.682043168510265,4632,6474.1790400000045,5896.080979999998,0.9107071249608187,0.6911259381083811
2022,8.967253152494997,81459,2.6390573296152584,4.335137050757044,8.883014788097858,4632,7842.031130000001,7208.490079999994,0.9192121225359116,0.6847313048310487
2023,9.168196557361536,81459,2.5649493574615367,4.099389481854812,9.097179087056952,4632,9587.31891000001,8930.066199999997,0.931445619346774,0.6757381247033426
2015,8.230947287181005,81546,2.3978952727983707,5.4778842577321,8.007016786861842,4632,3755.3895000000016,3001.948290000002,0.7993706884465648,0.7873860340109364
2022,7.8480702596535314,81546,2.302585092994046,6.493106565361794,7.527296080031274,4632,2560.7878900000005,1858.0746200000006,0.7255870848405176,0.8674538580284628
2015,8.011962974125183,81628,2.3978952727983707,4.517010440785105,7.774648379616094,4632,3016.833270000001,2379.50647,0.7887431147297043,0.7979953223379037
2016,8.031943805988536,81628,2.3978952727983707,4.332551554753198,7.784660904351164,4632,3077.7183500000015,2403.45101,0.780919738805859,0.8059897641247972
2017,8.150447873905213,81628,2.302585092994046,5.03026659952814,7.925875667160277,4632,3464.930570000002,2767.9871299999995,0.7988578916892981,0.7878914668409284
2018,8.116216043332642,81628,2.4849066497880004,4.956979421543828,7.920152902292512,4632,3348.3268200000007,2752.1918299999998,0.82196033360925,0.7657465820969264
2021,7.992393946440935,81628,2.302585092994046,4.309518305485791,7.810216685020276,4632,2958.3706700000007,2465.664650000001,0.8334535881536442,0.7551870014440473
2022,8.243898774473113,81628,2.302585092994046,4.14775135493112,8.091810419035394,4632,3804.3437099999974,3267.5979399999987,0.8589123878084088,0.7328026991047788
2015,8.652462032303001,81635,2.995732273553991,6.4515506284006845,8.507077839307811,4632,5724.222619999998,4949.678180000003,0.8646900214373572,0.7279063022310251
2016,8.833816521098957,81635,3.091042453358316,6.439206415052023,8.681625853459192,4632,6862.427500000004,5893.620969999995,0.8588245150859505,0.7328776775981312
2017,8.825817585583366,81635,3.1780538303479458,6.549468565411722,8.659007704087854,4632,6807.754340000006,5761.814400000004,0.8463605048357251,0.7436704719612347
2018,8.73437946855664,81635,3.091042453358316,6.603523709264111,8.575458756138397,4632,6212.877720000002,5299.982279999999,0.853063993668943,0.7378266117803058
2019,8.83397374318693,81635,3.1780538303479458,6.719979836755718,8.671482161109584,4632,6863.506509999995,5834.140080000005,0.8500232456252175,0.7404660041003706
2020,9.357376216137236,81635,3.295836866004329,6.838646340045334,9.237193399432767,4632,11583.954840000011,10272.168189999997,0.8867583076661913,0.7097912820654024
2021,9.693225640500446,81635,3.4657359027997265,7.28427531108028,9.585371778803562,4632,16207.439440000004,14550.371120000003,0.8977587837897236,0.7010940215183191
2022,9.936729709008567,81635,3.555348061489413,7.260237202484353,9.83416089106178,4632,20676.017009999963,18660.436959999955,0.9025160383150598,0.6973984830846965
2023,10.026081258783652,81635,3.58351893845611,7.357556870552986,9.91923012690161,4632,22608.50086,20317.342829999987,0.8986594447731103,0.7003913659856367
2015,11.853894717697292,82140,5.857933154483459,8.60666819784384,11.631294995271666,4632,140631.00000000003,112566.00000000006,0.8004351814322591,0.7863388949924608
2016,11.530480470216114,82140,5.863631175598097,8.822764296703758,11.322902326989237,4632,101771.00000000001,82694.00000000015,0.8125497440331738,0.7746151182774055
2017,11.133639668645367,82140,5.488937726156687,8.403352374992478,10.93857414032436,4632,68435.00000000003,56306.999999999985,0.8227807408489802,0.7649830444877417
2018,10.7332613306279,82140,4.976733742420574,8.324821298768782,10.513714974009698,4632,45856.00000000011,36817.00000000003,0.8028829378925318,0.7839415765051184
2019,12.25515324371004,82140,4.61512051684126,8.156797046675651,12.22139958558968,4632,210060.99999999985,203089.00000000006,0.9668096410090412,0.6510209346108977
2020,12.394049017012955,82140,6.093569770045136,10.38523445880145,12.03089153496448,4632,241360.99999999945,167860.99999999997,0.6954768997476823,0.9050096650354346
2021,12.368931017410864,82140,7.112327444710911,10.352746235642709,12.030665131560312,4632,235373.99999999997,167822.99999999985,0.713005684570088,0.882760586207727
2022,12.57482190070168,82140,7.160069207596127,10.28360066404139,12.238626956751515,4632,289185.0000000004,206617.99999999974,0.7144838079430104,0.8809343320076144
2015,10.994771187269288,82366,5.111987788356544,9.28235781456632,10.811898859312793,4632,59561.888110000014,49607.576810000035,0.8328744837367115,0.7557120891213458
2016,10.994020328500651,82366,5.25227342804663,9.252404431294496,10.793825505849195,4632,59517.18232999991,48719.0550099999,0.8185712613186468,0.768916948130579
2017,11.080019480146053,82366,5.318119993844216,9.231890100632969,10.89063453174696,4632,64862.146920000116,53671.345339999956,0.827467912929205,0.7606498164411395
2018,11.069363777677369,82366,5.4510384535657,9.311405230897488,10.857808221178384,4632,64174.66448999996,51938.11648000007,0.809324316578131,0.7777022179955344
2019,11.011560094068011,82366,5.459585514144159,9.293956016486772,10.784351136293571,4632,60570.30855000002,48259.65239,0.7967542768939714,0.7899716817764784
2020,10.96703301292638,82366,5.459585514144159,9.26429559613291,10.73984003161448,4632,57932.453319999986,46158.66740000007,0.7967670063105154,0.789959060924315
2021,11.013975400107748,82366,5.4510384535657,9.193600725620806,10.787374298409356,4632,60716.78119899995,48405.76989999988,0.7972387360481019,0.7894916386031655
2022,11.206170963610523,82366,5.44673737166631,9.110099525086936,11.010609315545135,4632,73583.12242999994,60512.74696999993,0.8223726443188933,0.7653626618402734
2023,11.335353468894516,82366,5.484796933490655,9.131172437160613,11.145418066271413,4632,83730.07147999978,69245.82035000002,0.8270125550596295,0.7610686346051305
2015,7.77292535798639,82693,2.9444389791664403,5.773498848796421,7.317888560859306,4632,2375.410059,1507.018629999999,0.6344246225152484,0.9921010215290068
2016,7.82476836589506,82693,2.9444389791664403,5.6571014746354455,7.327670755786014,4632,2501.806540000001,1521.8329199999994,0.6082936053081062,1.0347196001867043
2017,7.875725718176748,82693,3.044522437723423,6.410246589921406,7.4207625352563955,4632,2632.5960200000004,1670.3066900000001,0.6344713268995977,0.9920279914873669
2018,7.908539971143129,82693,3.1354942159291497,6.3680865294837306,7.407261841190311,4632,2720.41568,1647.90793,0.6057559299172985,1.0390543203868658
2019,7.89815640014995,82693,3.091042453358316,6.309678176677174,7.421281921709977,4632,2692.3142,1671.17445,0.6207204382014552,1.0140044975871345
2020,7.7644328590815235,82693,2.8903717578961645,6.256346025348264,7.272789302266005,4632,2355.3223100000005,1440.563019999999,0.6116203348831688,1.0290915461480896
2021,7.826682691756122,82693,2.995732273553991,6.228068558586786,7.360506048634455,4632,2506.6004000000007,1572.6321900000003,0.6273964489912313,1.0032146613079245
2022,7.983665607146631,82693,3.091042453358316,6.177478715312975,7.511317650478391,4632,2932.6613700000007,1828.6214400000006,0.6235365114793325,1.0094249566673448
2023,8.155606742904157,82693,3.091042453358316,6.131380368947436,7.759968294465238,4632,3482.851880000001,2344.830260000001,0.6732500665517823,0.9348878631445658
2015,8.258406260255082,83721,2.70805020110221,4.709447044701766,7.948339095419245,4632,3859.9374599999983,2830.8692399999995,0.7333976960341738,0.8582155622850552
2016,8.313590919524337,83721,2.70805020110221,4.531853946485189,7.981476697574825,4632,4078.9338400000024,2926.2490599999996,0.717405374733903,0.8773468087188389
2017,8.299197300634129,83721,2.70805020110221,4.9417639866486684,7.958857007937719,4632,4020.643730000002,2860.8012100000014,0.7115281537267665,0.8845936914567026
2018,8.260712604918993,83721,2.6390573296152584,4.919580334653288,7.913816401598056,4632,3868.8500800000015,2734.807699999999,0.7068786961111705,0.8904120601500558
2019,8.221944252974193,83721,2.772588722239781,5.106449528661814,7.913258627339621,4632,3721.7313399999975,2733.28272,0.7344116139237503,0.8570307224823938
2020,8.187797054445829,83721,2.772588722239781,5.108657610911622,7.8120895483860515,4632,3596.7899800000023,2470.286830000001,0.6868031894372658,0.9164391280655586
2021,8.256448149500056,83721,2.772588722239781,5.244736879581176,7.90194242920554,4632,3852.386669999998,2702.5267,0.7015201046783814,0.8972135108930243
2022,8.20805661078399,83721,2.772588722239781,5.146495315026824,7.876942092294163,4632,3670.4025100000003,2635.8001900000004,0.7181229259784917,0.8764701603460351
2023,8.22645318959388,83721,2.70805020110221,5.077742450962663,7.839654624185743,4632,3738.550280000001,2539.327659999999,0.6792279011424713,0.9266599841111504
2015,12.8586884143466,83778,3.828641396489095,7.222755781837928,12.716588761403536,4632,384111.6000000005,333230.17999999924,0.8675347997821435,0.72551938693248
2016,13.200930535451295,83778,3.9889840465642745,7.669495251007694,13.039416456583403,4632,540868.0000000001,460200.0000000003,0.8508545523122096,0.739742549851902
2017,13.340264410703751,83778,4.276666119016055,8.473032295630468,13.19495377004512,4632,621731.9999999987,537644.9999999986,0.8647536237478523,0.72785276499062
2018,13.362010284103633,83778,4.406719247264253,8.561344039151527,13.296675376492631,4632,635400.1800000007,595213.4599999991,0.9367536848982297,0.6719090901136011
2019,13.713953234327882,83778,7.079184394609668,8.557976145174411,13.51457169460672,4632,903429.3899999995,740123.0200000012,0.8192372621395476,0.7682918553249586
2020,13.789802930420468,83778,7.384610383176974,8.509564164251746,13.560031039152497,4632,974619.9999999998,774545.0000000008,0.7947148632287466,0.7919989233916788
2021,13.758780352430062,83778,7.325807502595773,8.523306467209807,13.581712599493336,4632,944848.9500000004,791521.7199999997,0.8377230244051173,0.7513382081476042
2022,13.865552356607614,83778,7.358830898342354,8.535019356994207,13.741134311366643,4632,1051315.0389999994,928322.3500000003,0.8830106253240813,0.7128037851747551
2023,14.036497882291002,83778,7.365180126021013,8.808352710535676,13.949401867061091,4632,1247307.6199999992,1143268.5499999993,0.9165890848963146,0.6866908262951138
2015,9.90960542910708,84271,2.995732273553991,5.907419402860669,9.664612111419782,4632,20122.73257999996,15750.259359999998,0.7827097685358213,0.804146493863168
2016,9.923131165229371,84271,3.091042453358316,5.945085945283209,9.61810101865181,4632,20396.756359999992,15034.472630000004,0.737101152979601,0.8539035837025089
2017,9.93407072992625,84271,3.1354942159291497,6.041366069680301,9.646214084895428,4632,20621.11293999998,15463.135029999992,0.7498690819933993,0.839364271970441
2018,10.015651219740862,84271,3.1780538303479458,6.06712872916726,9.76348959668698,4632,22373.91878999999,17387.200250000005,0.7771191275518174,0.8099315713195644
2019,10.022599757788436,84271,3.258096538021482,6.209942491384688,9.732315191036434,4632,22529.92620000002,16853.526319999994,0.7480506669391567,0.8414046586656226
2020,10.080401946102665,84271,3.4011973816621555,6.066367801155495,9.736066896239244,4632,23870.57830000001,16916.874539999997,0.7086914412961663,0.8881344960641298
2021,10.04867876834906,84271,3.1780538303479458,5.8736002675264,9.698624273632523,4632,23125.212888999955,16295.174069999975,0.7046496889873457,0.8932286864201479
2022,10.064935956651023,84271,3.091042453358316,5.676306887348192,9.714287172593988,4632,23504.236409999958,16552.413029999992,0.7042310475977731,0.8937596804735407
2023,9.945363298065724,84271,3.1780538303479458,6.006443401835199,9.59891552986292,4632,20855.298049999987,14748.778279999964,0.7071957564279439,0.8900128576275803
2015,8.445661973194188,84575,3.258096538021482,6.258167654399415,8.08009381457521,4632,4654.8360699999985,3229.5361999999996,0.6938023490911036,0.9071939824145563
2016,8.28844825660354,84575,3.332204510175204,6.101261601756567,7.909212296711686,4632,3977.657099999999,2722.245300000001,0.684384106412793,0.9196784527618701
2017,8.387613159018326,84575,3.258096538021482,6.034474801639934,7.962880250004371,4632,4392.321400000001,2872.3340899999985,0.6539444244676625,0.9624874722235007
2018,8.477525020568692,84575,3.258096538021482,6.127906986022799,8.131561763063297,4632,4805.541549999998,3400.105580000003,0.7075384833578235,0.8895817413258909
2019,8.453497787608674,84575,3.258096538021482,6.141244101757754,8.082661661117573,4632,4691.453778999997,3237.839809999998,0.6901570307466948,0.9119856612915435
2020,8.186444693703956,84575,2.833213344056216,6.076864532753651,7.84789953980711,4632,3591.9291099999978,2560.3507500000005,0.7128065926668586,0.8830071474587199
2021,8.167444289833496,84575,2.772588722239781,6.142932059029032,7.823809578908461,4632,3524.3252900000016,2499.408989999999,0.7091879393459728,0.8875127186468935
2022,8.314099450081345,84575,2.8903717578961645,6.155623703198356,7.956024228929446,4632,4081.0086300000016,2852.708660000001,0.6990204919022678,0.9004218379459651
2023,8.389235323520635,84575,2.8903717578961645,6.350468334684059,8.028041743160575,4632,4399.452249999999,3065.732300000001,0.6968440900796233,0.9032340591546296
2015,9.241354425505351,84912,3.4011973816621555,5.905361848054571,9.04617302576227,4632,10314.99999999999,8486.0,0.822685409597674,0.7650716892965693
2016,9.232489327822742,84912,3.4339872044851463,5.818040757515388,9.01931558611826,4632,10223.960650000005,8261.121119999994,0.8080157389885876,0.7789617029841326
2017,9.27891853214895,84912,3.555348061489413,5.859045792415102,9.067977155068164,4632,10709.843299999999,8673.061790000005,0.8098215395924613,0.7772247159507287
2018,9.272836793822588,84912,3.610917912644224,5.9642695167052535,9.042613573273476,4632,10644.90649999999,8455.848180000005,0.7943562660695999,0.79235645637292
2019,9.325592908173302,84912,3.688879454113936,5.838142461401781,9.103905533885058,4632,11221.567869999997,8990.336289999997,0.8011657902132351,0.7856218073327998
2020,8.732195377975064,84912,3.6375861597263857,5.667013782174967,8.49781412644487,4632,6199.323039999999,4904.037510000003,0.7910601654983289,0.7956579581832858
2021,9.218060617045394,84912,4.110873864173311,5.374171267252538,8.984452543575799,4632,10077.501229999996,7978.075879999995,0.7916720323734456,0.7950430106688765
2022,9.33224921897793,84912,3.5263605246161616,4.98998160074608,9.1745199963969,4632,11296.51126,9648.135819999987,0.8540810165137646,0.736948022389851
2015,7.997880873990728,86663,2.833213344056216,5.571053308733202,7.783604335672136,4632,2974.647650000001,2400.9129400000006,0.8071251531252785,0.7798212131580512
2016,8.146123025946412,86663,3.1780538303479458,5.871348592310662,7.904238665441075,4632,3449.9776299999985,2708.739470000001,0.7851469663007647,0.8016503191065306
2017,8.239069185433264,86663,2.772588722239781,5.6060355316878905,7.949401416503113,4632,3786.014590000001,2833.8781300000005,0.7485122052844492,0.8408858421237677
2018,8.279911262611606,86663,2.772588722239781,6.175269315898997,7.972925196741835,4632,3943.8444000000018,2901.33193,0.7356608516299473,0.8555753846164162
2019,8.246279820454031,86663,3.258096538021482,6.2881900479645605,7.973759145039909,4632,3813.4128199999973,2903.7525000000005,0.7614576855594676,0.8265900102092767
2020,7.61621905432997,86663,3.258096538021482,6.250900123305429,7.201391492800941,4632,2030.8689900000004,1341.2958699999997,0.6604541585914901,0.9530007615105998
2021,8.132263353920289,86663,3.044522437723423,6.22388622319745,7.887391648290921,4632,3402.4918999999977,2663.4875400000005,0.7828049612697101,0.80404870589939
2022,8.451570197650739,86663,3.1354942159291497,6.276535363195472,8.201114585453523,4632,4682.419289999996,3645.010719999999,0.7784460327558581,0.808550997237767
2023,8.547961861472464,86663,3.258096538021482,6.567505486372064,8.26876780839366,4632,5156.234589999996,3900.140309999997,0.7563931085610284,0.8321246041994437
2015,8.12619324724388,87012,2.3978952727983707,7.647068144682066,7.839298927426603,4632,3381.900968999997,2538.42459,0.7505910472448262,0.8385569190984926
2016,8.045543827892436,87012,2.3978952727983707,7.637798352200868,7.7904997629493025,4632,3119.861310000002,2417.5254700000005,0.7748823520619892,0.8122695198898795
2017,8.130175704763044,87012,2.6390573296152584,7.726452599661848,7.914007625279211,4632,3395.396099999998,2735.3307099999997,0.8055998856804958,0.7812976730363644
2018,8.088697061710493,87012,2.3978952727983707,7.710471308729633,7.84605872743829,4632,3257.4405599999973,2555.6419600000004,0.7845552091977398,0.8022549703342735
2019,7.9402724436347825,87012,2.4849066497880004,7.698746952532877,7.654620779427032,4632,2808.1254599999993,2110.3746699999992,0.7515243531889775,0.8375155288178145
2020,7.996890841661921,87012,2.3978952727983707,7.820483693330876,7.616200933843814,4632,2971.7041100000006,2030.8321900000005,0.6833897705919315,0.9210165898962078
2021,8.240654490996208,87012,2.3978952727983707,7.873674482595343,8.058327113542964,4632,3792.0213400000007,3159.9993899999977,0.8333284827980417,0.7553003756299923
2022,8.330855885484041,87012,2.3978952727983707,7.885374723566078,8.0472763872011,4632,4149.967929999999,3125.27134,0.7530832509349056,0.8357818545282416
2023,8.188361712517432,87012,2.3978952727983707,7.875201835595323,7.825365300211255,4632,3598.8215099999993,2503.300399999998,0.6955889290547222,0.9048639071008221
2016,8.03525325343209,87208,2.8903717578961645,5.916842881497905,7.48001972853994,4632,3087.920769999999,1772.2757400000007,0.5739382166855277,1.0966569184316937
2017,8.33988306599721,87208,2.9444389791664403,5.839212555297955,7.990125970752413,4632,4187.6000399999975,2951.6687600000005,0.7048592825975811,0.8929630801782003
2018,8.212456555798836,87208,2.995732273553991,5.949695984942226,7.830983447101305,4632,3686.5876600000015,2517.4038900000005,0.6828547486647855,0.9217382134505923
2019,8.16262682572023,87208,3.218875824868201,5.856480814634037,7.761758654212143,4632,3507.387810000003,2349.032110000001,0.6697383458146874,0.9397898746784427
2020,8.193250887098747,87208,3.295836866004329,5.753414030787865,7.790450020767776,4632,3616.459859999999,2417.40522,0.6684451960155313,0.941607958038056
2021,8.246292488816016,87208,3.332204510175204,5.902675463661415,7.874513970548843,4632,3813.4611300000006,2629.407909999999,0.6895069388054832,0.9128455141741457
2022,8.373525908917822,87208,3.367295829986474,5.964944375548586,8.047763675735766,4632,4330.879459999998,3126.7946199999997,0.721976829158852,0.8717915737182844
2023,8.250756065095697,87208,3.332204510175204,5.8521384547364095,7.807212877286263,4632,3830.5208499999994,2458.26938,0.6417585169912339,0.980763479433698
2015,7.356878228154059,87534,2.302585092994046,2.151002612517864,6.802459050146758,4632,1566.9372989999997,900.0578600000001,0.5744057918427279,1.0957642228177005
2015,7.611399106483971,88149,2.833213344056216,6.500795629603341,6.898314161557802,4632,2021.1038600000004,990.6033100000001,0.4901298392453715,1.284176692954685
2016,7.704588905727214,88149,2.8903717578961645,6.465574499481983,6.911490663737684,4632,2218.5051800000006,1003.7423700000002,0.4524408502846047,1.3911505021807924
2017,7.837810164782418,88149,2.995732273553991,6.4538555235009545,7.082074208333252,4632,2534.64829,1190.4351700000007,0.46966483464260067,1.340132940886441
2018,7.906548510451934,88149,3.091042453358316,6.469169770916381,7.106023902687602,4632,2715.003470000001,1219.2898800000003,0.44909330447375073,1.4015201514039082
2019,7.905211751691958,88149,3.1354942159291497,6.545357174674003,7.106570481353916,4632,2711.376589999999,1219.9565,0.44993989566016,1.3988831000572772
2020,7.750505772895625,88149,3.1354942159291497,6.418447200089128,7.011492613994741,4632,2322.7468999999996,1109.3090400000003,0.4775849835382411,1.317908514244846
2021,7.9060971421423485,88149,3.1780538303479458,6.293053222946768,7.137963671432227,4632,2713.778279999999,1258.8623200000004,0.4638781028198077,1.3568506731714098
2022,8.058469305992235,88149,3.218875824868201,6.324828708664072,7.397834218930788,4632,3160.448749999999,1632.4450799999997,0.5165231931066752,1.218557703662578
2015,8.931170170547546,88310,3.713572066704308,4.90527677843643,8.49110016610555,4632,7564.111500000006,4871.22228,0.6439913372509112,0.9773630166632213
2016,9.12638512897535,88310,3.8501476017100575,5.106359267064258,8.647222140640418,4632,9194.724079999995,5694.30676,0.6193015375399937,1.016327714251615
2017,9.290306593955531,88310,3.8918202981106265,5.876522300711174,8.845691375330968,4632,10832.504769999989,6944.403590000001,0.6410709007239153,0.9818154518786945
2018,9.360220811003582,88310,4.189654742026425,5.968176958883439,8.85782534357849,4632,11616.953410000006,7029.180060000003,0.6050794741028406,1.0402159435564593
2019,9.39777452713786,88310,4.0943445622221,6.062270201177948,8.90854037158367,4632,12061.508280000022,7394.8594699999985,0.6130957504097477,1.0266150363297728
2020,9.38678420960601,88310,4.143134726391533,5.850192328589732,8.903593066126502,4632,11929.67424999999,7358.365189999996,0.6168119125297996,1.020429896528829
2021,9.656032600101843,88310,3.9889840465642745,5.653196579125877,9.047125307291347,4632,15615.707849999972,8494.084910000001,0.5439449169766593,1.1571269377401696
2022,9.824479888395176,88310,4.343805421853684,6.0272866067604,9.159729270105553,4632,18480.65684999999,9506.483040000005,0.5144017941115556,1.2235830498367877
2023,9.8566551048137,88310,4.31748811353631,6.754579880080456,9.2832338146017,4632,19084.945410000037,10756.159160000001,0.5635939180818428,1.116785145983658
2017,7.339594414578333,88906,2.302585092994046,5.253291705237911,6.933200720320944,4632,1540.0873500000005,1025.7719399999999,0.6660478965689832,0.9449970780222163
2018,7.377196124269685,88906,2.302585092994046,5.235458553909951,6.964580494539925,4632,1599.0997990000003,1058.47079,0.6619166550217295,0.9508951184494219
2019,7.405883879627035,88906,2.3978952727983707,5.754584645128809,6.981145861015947,4632,1645.6387399999996,1076.1507800000002,0.6539410830836423,0.9624923901592943
2020,7.044093279395802,88906,2.3978952727983707,5.641136738847528,6.583751584016518,4632,1146.0692000000004,723.2475700000001,0.6310679756510339,0.9973780010484696
2021,7.266076094730475,88906,2.3978952727983707,5.529053818694189,6.8600878662913125,4632,1430.9246100000005,953.4508399999997,0.6663180109817242,0.944613991678211
2022,7.64754559191598,88906,2.4849066497880004,5.4257588972983575,7.277425665187869,4632,2095.49607,1447.2574999999995,0.6906514980961045,0.9113327312191675
2023,7.744804649685531,88906,2.5649493574615367,5.224816187181406,7.353847213766552,4632,2309.54231,1562.1950800000004,0.6764089461517596,0.9305218679637582
2016,7.234286387350695,89837,2.302585092994046,5.762765278839131,6.9463638336507945,4632,1386.1513699999996,1039.36355,0.7498196607488837,0.8394195951755984
2017,7.26623017902751,89837,2.302585092994046,5.776784950259439,7.000840357811646,4632,1431.1451100000004,1097.5551099999998,0.7669069351045747,0.8207166831718719
2018,7.439917370756035,89837,2.4849066497880004,5.917993637371515,7.169129592070953,4632,1702.6095300000002,1298.7136999999998,0.7627783570552431,0.8251588554641545
2020,6.907894309316972,89837,2.5649493574615367,5.756832789578752,6.496404619948148,4632,1000.1390399999997,662.7544900000003,0.66266235342638,0.9498250697750836
2022,7.5028255097572,89837,2.3978952727983707,5.630441772178369,7.227698874247159,4632,1813.1582800000006,1377.05009,0.7594759405119335,0.8287468799291644
2023,7.714066475041757,89837,2.5649493574615367,5.487295924592324,7.430688273833223,4632,2239.6311699999997,1686.9682699999994,0.7532348596487874,0.8356136310181004
2016,7.805010862492798,89845,2.70805020110221,1.5800317585412038,7.659159938355461,4632,2452.8621900000007,2119.97577,0.8642865378425517,0.7282461180659898
2017,7.874770744443779,89845,2.995732273553991,1.3117189720515932,7.740950474038188,4632,2630.083160000001,2300.65806,0.8747472684475875,0.7195373324200843
2018,7.817803925111617,89845,3.091042453358316,0.9439020078489748,7.671501206453935,4632,2484.443389000001,2146.301069,0.8638961461158088,0.7285752100069643
2019,7.911874289091224,89845,2.70805020110221,0.3558756245681029,7.769253396774478,4632,2729.501549999999,2366.7036400000006,0.8670827243164605,0.7258976547788012
2020,8.099943435313406,89845,2.6390573296152584,-1.2667706191499764,7.963751116833684,4632,3294.281730000001,2874.836599999999,0.8726747848612202,0.7212461354439466
2015,9.544364299647778,90410,3.828641396489095,4.931373520303353,9.34132647998533,4632,13965.76560000001,11399.519449999993,0.8162473706418204,0.7711060870990872
2016,9.621122386917497,90410,3.8501476017100575,5.301726548677127,9.41442717136001,4632,15079.96600000002,12264.046,0.8132674834943251,0.7739314909974813
2017,9.68964877473788,90410,3.9318256327243257,5.737063015766953,9.490701815894775,4632,16149.571160000003,13236.08135999997,0.8195933643602686,0.7679580429153662
2018,9.634214759998567,90410,3.9889840465642745,5.418269514644812,9.42312944502866,4632,15278.696629999986,12371.23680999999,0.8097049839780739,0.777336596087417
2019,9.65480872856826,90410,3.871201010907891,4.958798272968741,9.458673047915331,4632,15596.607919999984,12818.863139999967,0.8219007110874388,0.7658021310722186
2020,9.654275134981924,90410,3.8918202981106265,4.638420225475791,9.436000350430106,4632,15588.287890000027,12531.494949999995,0.803904510773054,0.7829453718020234
2021,9.62990260373556,90410,4.07753744390572,4.163568651420621,9.414101066742145,4632,15212.954349999998,12260.047290000019,0.805895226393026,0.7810113467201191
2022,9.598060686355549,90410,4.007333185232471,4.541978703852643,9.402795653696671,4632,14736.175770000025,12122.222939999974,0.8226166088951281,0.7651356771484463
2023,9.673204185163154,90410,3.970291913552122,4.674521140022501,9.482958317321174,4632,15886.169789999996,13133.983589999993,0.8267558362788967,0.7613049566283401
2020,7.233763342327202,90583,2.3978952727983707,5.870468909693243,6.806218432663386,4632,1385.4265400000002,903.44789,0.6521081153822851,0.9651977965518062
2021,7.265962972659605,90583,2.302585092994046,5.980622787049835,6.817471984193492,4632,1430.7627500000006,913.6723099999999,0.6385910661987807,0.9856281263487151
2018,7.206918584116092,91264,2.995732273553991,1.8983692042863127,6.774929157595377,4632,1348.7298600000001,875.61733,0.6492162411233335,0.9694971816962925
2019,7.24273567479058,91264,2.8903717578961645,1.8983692042863127,6.810818296651843,4632,1397.9129799999987,907.6131999999999,0.6492630177881321,0.9694273335092729
2020,7.101927776816654,91264,2.833213344056216,3.380223628866136,6.759408657971185,4632,1214.30573,862.1322300000004,0.7099795452665782,0.8865231685572078
2021,7.175536583222076,91264,2.833213344056216,3.380223628866136,6.792617723455392,4632,1307.06126,891.2435399999997,0.6818682239882159,0.9230717812294038
2022,7.392972350963493,91264,2.9444389791664403,3.2417200961814414,6.946982963264967,4632,1624.5276099999996,1040.0072500000006,0.6401905659208837,0.983165559734782
2015,8.604272767080285,92042,2.8903717578961645,7.50452333461944,8.485481441064234,4632,5454.917460000004,4843.92897,0.8879930824837808,0.7088043009524556
2016,8.827975339776446,92042,2.833213344056216,7.479017102108284,8.765413562479404,4632,6822.459659999999,6408.7117999999955,0.939355030206217,0.6700483798360638
2017,8.914741188411716,92042,3.044522437723423,7.449774901307741,8.897528744588625,4632,7440.856100000001,7313.8767299999945,0.9829348440161333,0.6403408322659907
2018,9.47450834570474,92042,3.8501476017100575,8.077901476410169,9.047580799173188,4632,13023.46938000001,8497.954777999992,0.6525108271878922,0.9646021029154376
2019,9.50760327063656,92042,3.871201010907891,8.152416151100544,9.185769933872203,4632,13461.691590000006,9757.289579999986,0.7248189809405655,0.8683731147103387
2020,9.17669218302904,92042,3.8501476017100575,8.111061464166898,8.926325026191519,4632,9669.116149999994,7527.550929999994,0.7785148935251955,0.8084794797315749
2021,9.39786847946441,92042,3.871201010907891,8.088734194469172,9.089985409374338,4632,12062.64154,8866.056689999996,0.7350012566153065,0.8563431836552113
2022,9.583010920983474,92042,3.970291913552122,8.081156925227234,9.39514403911734,4632,14516.06028000001,12029.822320000008,0.8287250182182352,0.7594959754367929
2023,9.627245001872096,92042,3.951243718581428,8.046680414977065,9.360906390002054,4632,15172.578049999991,11624.92048,0.7661796460490119,0.82149574101355
2018,6.995368641408836,92227,2.6390573296152584,5.620011152107506,6.418621575105967,4632,1091.566,613.1573400000002,0.5617226443476622,1.1205055064345513
2017,8.306620707091625,92578,2.5649493574615367,7.878109719699347,7.964688518463542,4632,4050.6016599999975,2877.532739999999,0.7103963760287406,0.886002993989187
2018,8.429106696840211,92578,3.258096538021482,8.083704121605944,7.848925169948222,4632,4578.408358999998,2562.97807,0.5597967391794204,1.1243604544806027
2019,8.688432855232016,92578,3.4339872044851463,8.087791179897575,8.14567934784805,4632,5933.875709999998,3448.447290000003,0.58114585787305,1.083055669335987
2020,8.232131889742654,92578,3.218875824868201,8.05640379325781,7.527324404649712,4632,3759.8407800000023,1858.1272500000007,0.4942037066793024,1.2735908443701132
2021,8.533216594274538,92578,3.49650756146648,8.032732654047008,7.979661041997632,4632,5080.762330000004,2920.9408199999993,0.5749020777360386,1.0948183011603625
2022,8.818669692591524,92578,3.555348061489413,7.966962034752182,8.22771071253836,4632,6759.266739000006,3743.2545499999987,0.5537959507355958,1.1365437310339588
2018,6.38869262382689,92877,2.4849066497880004,4.672729296797917,6.061006421198755,4632,595.0780799999998,428.80678,0.7205891031980209,0.8734704886420785
2019,6.494700713664186,92877,2.4849066497880004,4.541455645285383,6.180754455943674,4632,661.62618,483.35649000000006,0.7305582889721808,0.8615511254633101
2021,7.140200309106391,92877,2.3978952727983707,4.278419303511831,6.779872406247087,4632,1261.6810900000005,879.95644,0.6974475935119228,0.9024524880947529
2022,7.641230785027829,92877,2.4849066497880004,4.081046871873667,7.244092049285346,4632,2082.305109999999,1399.8103600000004,0.6722407553425257,0.9362915162140514
2023,7.824355454973523,92877,2.5649493574615367,4.3506378715748495,7.497194671821166,4632,2500.7737300000003,1802.9773700000007,0.7209678142292387,0.8730116707823027
2015,7.925678923265615,92907,2.70805020110221,5.982870397974523,7.674805686808429,4632,2767.442599,2153.4052100000004,0.7781210026824482,0.8088887382691514
2016,8.016410910679298,92907,2.6390573296152584,5.946092450932796,7.736283738196879,4632,3030.281839999998,2289.946510000001,0.7556876326724786,0.8329014381969191
2017,8.06125796054809,92907,2.70805020110221,5.924041041735861,7.829876098817902,4632,3169.2744500000013,2514.6177900000007,0.7934364251729602,0.7932750452480519
2018,8.101230611140391,92907,2.6390573296152584,5.910703550276543,7.845112204222406,4632,3298.524779999999,2553.2241299999996,0.774050310454239,0.8131426440629828
2019,8.130826571580076,92907,2.6390573296152584,5.8872618331612285,7.890687719992628,4632,3397.6067700000017,2672.281069999999,0.7865186441219617,0.8002522518499032
2020,7.990622749300186,92907,2.5649493574615367,5.813331765134682,7.735802663666553,4632,2953.1354500000007,2288.845140000001,0.7750559291142572,0.8120876086966179
2021,8.155969052707066,92907,2.6390573296152584,5.881321027769828,7.915134904464612,4632,3484.113980000002,2738.4159299999997,0.7859719704118285,0.8008088580445644
2022,8.343680824086558,92907,2.6390573296152584,5.952952330911447,8.094669919584126,4632,4203.533768999999,3276.955010000002,0.7795714724993335,0.8073837207800991
2023,8.448513210259716,92907,2.772588722239781,5.932875837352915,8.235801076971091,4632,4668.127050000003,3773.66168,0.8083888119540358,0.7786022106851231
2015,8.536640945948603,93152,2.833213344056216,5.067320558981852,8.332984410935392,4632,5098.190469999995,4158.8106499999985,0.8157425020646596,0.7715833298957399
2016,8.323021595425317,93152,2.5649493574615367,5.259823129447115,8.132795671967877,4632,4117.5829,3404.3035900000013,0.8267723255796504,0.7612897730209469
2017,8.515122442895649,93152,2.9444389791664403,5.650499342204226,8.303095482821181,4632,4989.656970000002,4036.3475199999984,0.8089428881120052,0.7780689160263496
2018,8.527890465020379,93152,2.70805020110221,6.088059537553157,8.31804980812994,4632,5053.773470000005,4097.161959999999,0.8107134172755067,0.7763696796776184
2019,8.64770757093025,93152,2.833213344056216,6.484018312552907,8.43865930672993,4632,5697.07162,4622.353669999997,0.8113560752462503,0.7757547336901405
2020,8.460865157656478,93152,3.610917912644224,6.525157464925056,8.096218027848636,4632,4726.145090000002,3282.03202,0.6944416554084248,0.9063588152849976
2021,8.425534567957733,93152,3.49650756146648,6.729103225318878,8.050271122881442,4632,4562.082869999999,3134.644729999998,0.6871082396624677,0.916032263548059
2022,8.235527986590627,93152,3.332204510175204,6.7595169649570375,7.876900874359896,4632,3772.6312700000003,2635.6915500000005,0.6986348151644304,0.9009189098776792
2023,8.751437507026766,93152,3.5263605246161616,6.755927745226822,8.310720011610657,4632,6319.766289999994,4067.240390000001,0.6435744936384356,0.9779960553162337
2019,9.873035996053078,93621,2.3978952727983707,3.8005760046418775,9.75090463870461,4632,19400.148429999994,17169.754209999996,0.8850321053961132,0.7111756875744372
2020,9.542071067379377,93621,2.3978952727983707,4.939433484701357,9.43200779514912,4632,13933.77555000003,12481.562010000014,0.8957774556659905,0.702644738488733
2021,9.80309703705252,93621,2.3978952727983707,4.897197802870103,9.718201914189528,4632,18089.682680000034,16617.33845,0.918608620391785,0.6851811556178178
2022,10.022260622391324,93621,2.3978952727983707,4.951894334573548,9.953458820356524,4632,22522.28679999996,21024.81782999996,0.933511681859943,0.6742425706194483
2016,7.562897576567649,94670,2.70805020110221,3.40448231369358,7.314190729489139,4632,1925.4164799999996,1501.4562200000005,0.7798085430327265,0.807138267083742
2017,7.500433140234625,94670,2.70805020110221,3.538161500733806,7.234366267210793,4632,1808.8257199999998,1386.2620999999995,0.7663878751127,0.8212725390364182
2018,7.253994484526521,94670,2.833213344056216,3.621341238387807,6.932184276341261,4632,1413.7407500000004,1024.7298299999998,0.7248357451675631,0.8683530307063273
2019,7.32186050685635,94670,2.3978952727983707,3.616109279018246,7.055327071021109,4632,1513.01633,1159.0164900000002,0.7660303904320717,0.821655803662722
2020,7.280609946399596,94670,2.5649493574615367,4.142220499089268,7.031921436876367,4632,1451.8733200000001,1132.20398,0.7798228429461049,0.807123466276856
2021,7.432092950477212,94670,2.5649493574615367,4.033197084990593,7.197213503142183,4632,1689.3395800000005,1335.7036400000004,0.7906661607963983,0.7960544503973157
2022,7.635605893790646,94670,2.3978952727983707,3.936296993822269,7.440882651695568,4632,2070.6252500000005,1704.2538199999997,0.8230624155674714,0.7647212461360845
2015,8.081253048893995,96494,2.302585092994046,6.932514874694943,7.732197800314972,4632,3233.2821599999975,2280.60902,0.7053541593784075,0.8923365768980539
2016,7.962152148360261,96494,2.3978952727983707,6.930609402586852,7.519342397101164,4632,2870.2435000000005,1843.3547,0.6422293787966072,0.9800444153768095
2017,8.188805509337884,96494,2.5649493574615367,6.976093220048973,7.720556091208995,4632,3600.4190100000023,2254.21278,0.6260973441532847,1.005296256178394
2018,8.31076745051391,96494,2.3978952727983707,6.940827784427276,7.819203633448435,4632,4067.433340000003,2487.9233200000003,0.6116691072803171,1.0290094899170437
2019,8.20895496960182,96494,2.4849066497880004,6.919702140193976,7.816293791904084,4632,3673.701330000003,2480.6943799999967,0.6752575011316978,0.9321085882432514
2020,8.066671626719385,96494,2.5649493574615367,6.92592962055603,7.7185082128182065,4632,3186.478370000001,2249.60115,0.7059834992697595,0.8915411149574629
2021,8.411586514352067,96494,2.70805020110221,7.495170474898194,8.12104271511771,4632,4498.892409999999,3364.5271599999996,0.7478567730407228,0.841622806358216
2022,8.637199323938393,96494,2.772588722239781,8.72946014399961,8.314779983994883,4632,5637.51883,4083.7868399999993,0.7243943591404376,0.8688821332449234
2023,8.598084486014946,96494,2.833213344056216,8.837128144982962,8.216984782977207,4632,5421.265129999998,3703.319220000002,0.6831097781045075,0.9213940954366487
2015,8.632824671469299,96539,3.091042453358316,7.946873995331107,7.436393987510553,4632,5612.910510000003,1696.6211399999997,0.3022711901387501,2.082280206034905
2016,8.663241256396969,96539,3.044522437723423,8.08977090208663,7.564503616366005,4632,5786.259050000002,1928.511259999999,0.3332915521644331,1.888476656528049
2017,8.899990490897558,96539,3.1780538303479458,8.234317058580567,7.709796504924076,4632,7331.903818999996,2230.0883999999996,0.30416225513227796,2.069334065815646
2018,8.827952969295021,96539,3.091042453358316,8.194859738651326,7.842761883142222,4632,6822.307040000002,2547.230280000001,0.3733678746889117,1.6857725550302276
2019,9.233392749384292,96539,3.218875824868201,8.163422386380892,8.467149446542738,4632,10233.201369999992,4755.939069999999,0.464755739483704,1.3542884199337617
2020,9.064674713161123,96539,3.295836866004329,8.134709092428388,8.214350541304865,4632,8644.466749999987,3693.5766199999985,0.42727639851237836,1.4730823379712095
2021,9.029959025755808,96539,3.1780538303479458,8.10009084049866,8.288437969087685,4632,8349.517449999992,3977.6161800000027,0.47638874986721613,1.3212178420585476
2022,9.359653254223076,96539,3.258096538021482,7.821073196418971,8.13461623957764,4632,11610.36199999999,3410.5070000000005,0.2937468271876453,2.1427067727218847
2023,10.903048381532123,96539,3.4339872044851463,7.948828493132921,10.794689803974574,4632,54341.76600000004,48761.18099999997,0.8973057850199408,0.7014479641035024
2018,8.69592678415854,96621,2.772588722239781,3.800675492302863,8.496025396102095,4632,5978.5107899999975,4895.2733499999995,0.818811493689719,0.7686913543974297
2019,8.697856702745522,96621,2.772588722239781,3.764628650151205,8.510744334163252,4632,5990.05997,4967.85946,0.8293505382050457,0.7589231417667671
2020,8.663245208856512,96621,2.6390573296152584,3.375403562966844,8.458933208012436,4632,5786.281920000003,4717.023229999998,0.8152079859254413,0.7720892421901501
2021,8.643452925247571,96621,2.6390573296152584,3.771410831708734,8.42956786017708,4632,5672.88409,4580.52024,0.8074411828851592,0.77951599376131
2022,8.699565453591319,96621,2.833213344056216,3.623806390133793,8.483306988588279,4632,6000.304239999999,4833.407519999997,0.8055270744071468,0.7813682942237159
2023,8.769835025859194,96621,2.8903717578961645,3.425880238107375,8.58287342242998,4632,6437.1104200000045,5339.4259299999985,0.8294755847919717,0.7588087312279194
2016,7.787682524898994,96622,2.3978952727983707,5.233442628896027,7.62895771454704,4632,2410.724309999999,2056.905020000001,0.8532311270383306,0.7376820841795857
2017,7.965054633194255,96622,2.3978952727983707,5.287463172333424,7.810040408694145,4632,2878.586439999997,2465.23005,0.8564029954924691,0.7349499235679254
2018,8.159098239743576,96622,2.4849066497880004,5.199641900514733,7.972334862546744,4632,3495.0335000000014,2899.61968,0.8296400249096321,0.7586583303392226
2019,8.342696955973889,96622,2.4849066497880004,5.035468514687038,8.186766800184513,4632,4199.400079999997,3593.086280000002,0.8556189483141613,0.7356233955789255
2020,8.324833550814937,96622,2.4849066497880004,5.315403857502915,8.166637622991727,4632,4125.050539999999,3521.4834800000017,0.8536825054269522,0.7372920401663192
2021,8.447164407128277,96622,2.70805020110221,5.332715846401124,8.28936705639913,4632,4661.8349100000005,3981.313450000001,0.8540228315378077,0.7369982310041653
2022,8.700355646223002,96622,2.70805020110221,5.5498095123695785,8.532807564127637,4632,6005.047509999998,5078.68457,0.8457359515545285,0.7442196526275392
2023,8.768117570749054,96622,2.833213344056216,5.519794690476069,8.613252170800168,4632,6426.064460000004,5504.119939999997,0.8565304587685374,0.7348405531140845
2017,7.569568261117004,97002,2.302585092994046,3.2853135413919574,7.079821335780224,4632,1938.3032599999997,1187.7562900000003,0.6127814540228346,1.0271415884872361
2018,7.578017029388405,97002,2.302585092994046,3.7883677117644736,7.054638206850469,4632,1954.7489100000003,1158.2183599999998,0.5925151583790881,1.0622737784504699
2019,7.639865663581199,97002,2.302585092994046,4.281733397535963,7.163909671273671,4632,2079.4644500000004,1291.9521799999995,0.6212908232213343,1.0130735761025471
2020,7.715589257910186,97002,2.302585092994046,4.14376547980572,7.217015695329421,4632,2243.04424,1362.41712,0.6073964550962222,1.0362479247278822
2021,7.698760409204525,97002,2.302585092994046,4.49086668970722,7.215982203213345,4632,2205.612239999999,1361.0098,0.6170666698875413,1.0200086097588796
2023,7.868693051750378,97002,2.302585092994046,4.241134935613899,7.490550524115696,4632,2614.146800000001,1791.0378299999998,0.6851328433429978,0.9186733962561324
2017,7.248895411150332,97704,2.3978952727983707,5.332968713723471,6.887260518817254,4632,1406.5503300000003,979.7138299999998,0.6965366322867378,0.9036327551275535
2018,7.23282035058242,97704,2.302585092994046,5.5496352670451365,6.866490207150959,4632,1384.1207099999995,959.57474,0.6932738836051375,0.9078855138859124
2019,7.340223914450976,97704,2.3978952727983707,5.587070103134364,6.991288867971635,4632,1541.0571400000001,1087.1217299999998,0.7054389495252589,0.892229322614112
2020,7.135709185961647,97704,2.302585092994046,5.589426061417719,6.753670703636596,4632,1256.02743,857.1995199999998,0.6824687897142498,0.9222594872713056
2019,7.57278414405115,98129,2.3978952727983707,5.46705241836318,7.264337784648584,4632,1944.5466499999995,1428.4393799999996,0.734587354846951,0.8568256885005444
2021,7.705477595870287,98129,2.4849066497880004,5.245555731517906,7.414116921995232,4632,2220.4776199999997,1659.2432799999995,0.7472461172565206,0.8423105875630298
2022,8.24976816587222,98129,2.833213344056216,5.247198530625933,7.999360914955451,4632,3826.73855,2979.0535099999997,0.7784836803130958,0.8085118956217436
2023,8.337297191379658,98129,3.091042453358316,5.174595191567499,8.080375840072211,4632,4176.78542,3230.4471400000007,0.773429040556266,0.813795814581575
2016,8.22012892618362,98325,2.9444389791664403,3.782042102349426,7.930224159760935,4632,3714.9813100000024,2780.0499099999993,0.7483348307881521,0.8410851535770819
2017,8.350996617785372,98325,3.1780538303479458,3.6697899025188376,8.080207657259978,4632,4234.398717999999,3229.903880000002,0.7627774555735645,0.8251598306707297
2018,8.22325987659973,98325,3.1354942159291497,4.55804010811259,7.940422272581181,4632,3726.630960000002,2808.546230000001,0.7536421663818301,0.8351620227173469
2019,8.196267645879967,98325,3.1354942159291497,4.392688840796585,7.910587930668143,4632,3627.386320000003,2725.9926900000005,0.7515032724719539,0.8375390222988314
2020,8.279632323256033,98325,2.995732273553991,4.267008803563015,7.983268769346171,4632,3942.7444599999963,2931.4978100000003,0.74351707034039,0.846535125000399
2021,8.369737194772448,98325,2.9444389791664403,4.180215177679531,7.95167959505002,4632,4314.502039999999,2840.3415700000005,0.6583243080353256,0.9560839671239335
2022,8.323734087362528,98325,3.091042453358316,4.157333289299015,7.96987996122246,4632,4120.5176900000015,2892.5101299999997,0.7019773600340977,0.8966290822398596
2023,7.890747487368455,98325,3.1780538303479458,5.0894491855458295,7.34463870854479,4632,2672.4407900000006,1547.87563,0.5791992233436909,1.0866957183522414
2015,7.264800616316766,98479,2.5649493574615367,5.122853541666849,6.921151842964312,4632,1429.10066,1013.4867000000002,0.70917796651217,0.8875251993178377
2016,7.3465645852511425,98479,2.5649493574615367,5.1522132676475625,7.0436689479816215,4632,1550.85952,1145.5829899999997,0.7386761826113043,0.8520828624194771
2017,7.54300948774519,98479,2.772588722239781,5.121537347034854,7.260941491367813,4632,1887.5019,1423.5962100000004,0.7542223983986456,0.8345195229111387
2018,7.762087293029383,98479,2.6390573296152584,5.250667794156423,7.489935551841388,4632,2349.804220000001,1789.9367299999994,0.7617386651897318,0.8262851091112199
2019,7.81497098509183,98479,2.70805020110221,5.304818389034395,7.531376101133429,4632,2477.4150700000005,1865.6710900000005,0.7530716643295465,0.8357947136955338
2020,7.512754607918818,98479,2.772588722239781,5.360499363261688,7.197429583121855,4632,1831.2509799999996,1335.9922900000001,0.7295517133320526,0.8627398230700303
2021,7.736603615900853,98479,2.70805020110221,5.5182528575350105,7.463303135521207,4632,2290.6791299999973,1742.8955800000003,0.7608641285346684,0.8272348405919804
2022,7.937732378615871,98479,2.6390573296152584,5.32088953746819,7.700492092139475,4632,2801.0016899999996,2209.4349700000002,0.7888017268565092,0.7979360270784867
2023,8.17400075716393,98479,3.1354942159291497,5.44563370250267,7.874666122507181,4632,3547.5083300000024,2629.8080100000006,0.7413112994719872,0.8490539892334623
2017,6.21978620684883,98661,2.6390573296152584,4.880142632230271,5.17499024707092,4632,502.5957690000001,176.79489000000018,0.3517635859763876,1.7893077657071141
2018,7.28026249347754,98661,2.6390573296152584,4.80228708327421,6.9970730034731865,4632,1451.3689500000003,1093.42801,0.7533770169190955,0.8354559562415277
2023,6.823815209785355,98661,2.3978952727983707,3.9604885454843,6.194524832950803,4632,919.4863600000003,490.0585300000001,0.5329698746156495,1.1809547707258934
2015,8.80955517299044,99398,2.772588722239781,6.859256371393389,8.603502970677063,4632,6697.939180000001,5450.7199,0.8137905934224979,0.7734340027616395
2016,8.62842492250788,99398,3.044522437723423,6.828045724140366,8.40788191064227,4632,5588.269359999997,4482.256629999997,0.8020831390275003,0.7847232854734681
2017,8.923382020242041,99398,3.091042453358316,6.734032871299371,8.65033170287306,4632,7505.42987,5712.041120000002,0.7610544924057763,0.8270279229163846
2018,8.98297500884261,99398,3.044522437723423,6.883302481383852,8.75967406021818,4632,7966.296700000004,6372.034339999998,0.7998740920608687,0.7868904898005317
2019,9.061698828120017,99398,3.091042453358316,6.846297862363355,8.880350690914693,4632,8618.780050000012,7189.311520000005,0.8341449112627018,0.754561117117824
2020,8.994790521645001,99398,3.218875824868201,6.763903938404462,8.746582027478112,4632,8060.980849999994,6289.155169999997,0.7801972597416607,0.8067361275902766
2021,8.97445474284463,99398,3.1780538303479458,6.633197044334089,8.68917187293821,4632,7898.710070000005,5938.26257,0.7518015622011552,0.8372067148114332
2022,9.396533497898488,99398,3.1780538303479458,6.542804498869736,9.141971627824097,4632,12046.548879999997,9339.160339999995,0.7752560864551937,0.8118779421113383
2023,9.052235501464468,99398,3.258096538021482,6.45245686807457,8.728045480097265,4632,8537.602429999997,6173.649789999999,0.7231128224367319,0.8704220096105438
2015,8.80927172774201,99413,3.58351893845611,7.588736154280226,8.247461883601346,4632,6696.040950000004,3817.9231800000025,0.570176199415268,1.1038926505982078
2016,8.986520064213979,99413,4.060443010546419,7.845493954465187,8.461605125581254,4632,7994.587780000003,4729.643579999998,0.5916056850150686,1.0639068082391754
2017,8.97558191049004,99413,3.688879454113936,7.834802017065891,8.432933325182999,4632,7907.618260000003,4595.96179,0.5812068361023789,1.0829420388470141
2018,9.106148118079204,99413,3.912023005428146,7.870589222040348,8.559430421458107,4632,9010.520499999995,5215.709569999995,0.5788466459845464,1.087357628219437
2019,9.193277635907622,99413,3.8918202981106265,7.912133467664304,8.646270123144498,4632,9830.820080000001,5688.888259999999,0.5786789111900823,1.0876728076820916
2020,9.06802006517582,99413,3.80666248977032,8.03528992792336,8.479770176315101,4632,8673.433959999988,4816.342859999998,0.5552982685072528,1.1334688973054337
2021,8.764047295892421,99413,3.713572066704308,8.08210816990928,8.136284926682222,4632,6399.961769999994,3416.2028200000027,0.533784879155615,1.1791516407811897
2022,9.2211404604949,99413,3.871201010907891,8.081118337688943,8.66457300399765,4632,10108.586200000007,5793.970020000003,0.5731731327571802,1.0981207598702607
2023,9.274879469051088,99413,3.9889840465642745,8.512395305949354,8.819763695080965,4632,10666.67281,6766.665440000006,0.6343745196399256,0.9921793776297807
2015,8.581051063464765,99415,2.70805020110221,5.582431979426207,8.418560190752224,4632,5329.704440000003,4530.375879999998,0.8500238486020052,0.7404654788400342
2016,8.58207538161783,99415,2.70805020110221,5.222723128910295,8.425496413604655,4632,5335.166550000001,4561.908810000001,0.8550639923321607,0.7361008318966012
2021,8.333985285130602,99415,2.772588722239781,-2.124941125751202,8.116292568179091,4632,4162.975180000003,3348.58306,0.804372573751448,0.7824897772745568
2022,8.493940486560975,99415,2.833213344056216,-2.124941125751202,8.31917615122774,4632,4885.077779999997,4101.77937,0.8396548744409148,0.7496095541631056
2023,8.58476307520292,99415,2.9444389791664403,-2.124941125751202,8.416896406738434,4632,5349.525129999998,4522.844579999998,0.8454665545238779,0.744456788636642
2015,7.362699101456218,99731,2.5649493574615367,4.716328839907757,7.179721397750311,4632,1576.08484,1312.5425300000002,0.8327867235877988,0.7557917270449556
2021,7.816289212530623,99731,2.8903717578961645,2.7036291091283355,7.564350268713891,4632,2480.683019999999,1928.2155500000006,0.7772921951148766,0.8097512364542797
2022,7.642155308431262,99731,2.8903717578961645,1.6689532132991531,7.310398121576321,4632,2084.231139999999,1495.7725700000005,0.7176615593604466,0.8770336210308413
2015,8.502292365477903,99758,3.258096538021482,6.718716238329374,8.059876520486116,4632,4926.048209999999,3164.8993099999993,0.6424824068053528,0.979658445762267
2016,8.45972953734817,99758,3.295836866004329,6.954714320049442,8.018259174723013,4632,4720.781029999997,3035.8877799999996,0.6430901498517505,0.9787326337149296
2017,8.628629939924672,99758,3.332204510175204,6.993630727716151,8.1646220638637,4632,5589.415170000005,3514.392869999998,0.6287586023065084,1.0010412800264241
2018,8.651466865981345,99758,3.367295829986474,7.050156526629258,8.193832786990493,4632,5718.528900000005,3618.5648900000015,0.6327789809718367,0.9946811367120079
2019,8.64007078331067,99758,3.332204510175204,7.362941197439286,8.213001721748478,4632,5653.730000000002,3688.598009999998,0.6524184936316373,0.9647386182708461
2020,8.517768102123402,99758,3.332204510175204,7.54779947075022,7.996642340559325,4632,5002.875379999997,2970.965729999999,0.5938516361764744,1.0598831050344877
2021,8.60521276284035,99758,3.332204510175204,7.748607700656725,8.045485256265913,4632,5460.047469999999,3119.678579999998,0.5713647357721596,1.1015963651133007
2022,8.910257267594975,99758,3.4011973816621555,7.846619114483374,8.49978269449342,4632,7407.566580000005,4913.700949999997,0.6633353743004755,0.9488613761090071
2015,9.924026382788004,99929,4.262679877041316,8.25934401438337,9.66069591877057,4632,20415.024069999985,15688.69893000001,0.7684878977465747,0.8190282734785435
2016,10.354941490133893,99929,4.382026634673881,8.325190847446953,10.08698013549456,4632,31411.88144000002,24028.121089999997,0.7649373418111304,0.8228298994925262
2017,10.027782521235904,99929,3.8918202981106265,8.2722994809963,9.85143414354518,4632,22646.99659000002,18985.563309999998,0.838325878425011,0.7507979084017196
2018,10.226555304814122,99929,3.9889840465642745,8.23267060253558,10.067970937626894,4632,27627.17875899999,23575.67968000002,0.8533509659331345,0.737578489047906
2019,10.384577726120243,99929,4.174387269895637,8.216545391355357,10.26697605572069,4632,32356.743289999922,28766.76641000002,0.8890501170706692,0.7079615693144343
2020,10.263217124843663,99929,3.871201010907891,8.154657845963557,10.136130660248678,4632,28658.837099999993,25238.62051,0.8806575236090095,0.7147083845955726
2021,10.120458398644171,99929,3.871201010907891,8.22493724004325,9.95799090673924,4632,24846.157669999935,21120.320370000012,0.850043723078413,0.7404481663615222
2022,10.47120308111341,99929,3.871201010907891,8.252616578710102,10.354326823904664,4632,35284.64212999997,31392.579549999995,0.8896952797293405,0.7074481908817254
2023,10.445615037950065,99929,3.80666248977032,8.269257921913358,10.323771590578907,4632,34393.23056000003,30447.87824000001,0.8852869516541275,0.7109709624709772
2016,7.5083957234147745,100217,2.3978952727983707,5.416732957654586,7.348673009899644,4632,1823.2861399999995,1554.1328399999993,0.8523801096848133,0.7384185868828782
2017,7.543125263707802,100217,2.302585092994046,5.345057239830648,7.395649475859351,4632,1887.7204400000007,1628.8825000000004,0.8628833303304168,0.72943038062807
2018,7.542476069218436,100217,2.3978952727983707,5.242248899676496,7.3918601973170786,4632,1886.4953400000004,1622.7218900000005,0.860178053766091,0.7317244532394097
2019,7.601633936947243,100217,2.3978952727983707,5.903329484474592,7.451108528619857,4632,2001.4634900000005,1721.77072,0.8602558720668941,0.7316582618242086
2020,7.4272458533985555,100217,2.3978952727983707,5.856676879986712,7.262236518509859,4632,1681.1710000000005,1425.4410000000005,0.8478857891315043,0.7423326633711426
2021,7.475594136049892,100217,2.302585092994046,5.868812728138526,7.304737838450932,4632,1764.4497000000006,1487.3299900000004,0.8429426976580856,0.7466857685928198
2022,7.616485102077219,100217,2.3978952727983707,5.879460819656528,7.449207427974442,4632,2031.4093700000008,1718.5005699999997,0.8459646762385462,0.7440184368916247
2015,9.615060043648963,100307,3.610917912644224,8.274918725556317,9.332914672945158,4632,14988.822619999977,11304.03107,0.754164043206218,0.8345840957952251
2016,9.625791100083823,100307,3.58351893845611,8.30502554388535,9.16710798729822,4632,15150.534640000009,9576.888120000007,0.6321155224922149,0.9957251383401747
2017,9.653575250102907,100307,3.688879454113936,8.290921951479385,9.304716068923742,4632,15577.381699999974,10989.72549,0.7054924698930641,0.8921616359362937
2018,9.704844910072447,100307,3.688879454113936,8.538362478524965,9.304107907971709,4632,16396.85635999998,10983.044000000009,0.6698262007584009,0.9396666110819322
2019,9.62755612207774,100307,3.9318256327243257,8.575366972374258,9.114727638607144,4632,15177.299280000007,9088.159020000006,0.5987994868083014,1.0511253432019587
2020,9.474398789785912,100307,3.9318256327243257,8.536660633132241,9.090417185705334,4632,13022.04266,8869.885669999994,0.6811439573336489,0.9240532919713229
2021,9.79527671740783,100307,3.9318256327243257,8.5452777054871,9.282550237650728,4632,17948.767299000014,10748.809010000008,0.5988605696948816,1.0510181299817711
2015,7.679056621959188,101095,2.833213344056216,5.500787610033757,7.415779291898872,4632,2162.5786799999996,1662.0038500000003,0.7685287316344026,0.818984756421509
2016,7.837536736416382,101095,3.091042453358316,5.6553346368864,7.591152644184339,4632,2533.95534,1980.5951200000006,0.7816219523426963,0.8052656584094646
2017,7.917428847254247,101095,2.833213344056216,5.559656182345789,7.683322080118667,4632,2744.7049100000004,2171.8227699999993,0.7912773289715866,0.7954395924606777
2018,7.897096199754514,101095,2.8903717578961645,5.3741220912597845,7.64638606306016,4632,2689.4613199999994,2093.0676900000003,0.7782479243836088,0.8087568194660373
2019,7.719900157197802,101095,2.995732273553991,5.2603359171900745,7.5714252182243555,4632,2252.7346499999994,1941.9059500000003,0.8620216100462612,0.7301595560310309
2020,8.036096937868518,101095,2.9444389791664403,5.0157239913532345,7.834006246610901,4632,3090.527099999997,2525.025009999999,0.8170208279357917,0.770376096372903
2021,8.005555060989423,101095,2.995732273553991,4.730889556571765,7.734512714681875,4632,2997.563469999998,2285.89455,0.7625842030961238,0.8253689409314907
2022,8.204838433442207,101095,3.044522437723423,4.6412923536034905,7.961593966779872,4632,3658.609490000003,2868.6418300000014,0.7840798089658919,0.8027413904595425
2023,8.34597268453039,101095,2.9444389791664403,4.4633110710830906,8.154960850858453,4632,4213.178729999999,3480.6030600000004,0.8261228120270135,0.7618883135985249
2018,8.204877026595076,101599,2.5649493574615367,4.906884371237529,7.982770777010959,4632,3658.7506899999976,2930.03831,0.800830271930882,0.7859509538306463
2019,8.333660421399607,101599,2.8903717578961645,4.7563348693045935,8.109277703578321,4632,4161.623,3325.1753999999974,0.7990092807541668,0.7877421842790656
2020,8.3848593237581,101599,2.70805020110221,4.620244200013127,8.198929204295172,4632,4380.242310000003,3637.053680000002,0.8303316169739475,0.7580264357201768
2021,8.656870097132403,101599,3.1780538303479458,4.414237499610514,8.467007250002798,4632,5749.511059999996,4755.262840000002,0.8270725615405643,0.7610134168979592
2019,8.755382785984034,101734,2.5649493574615367,5.813814631187445,8.65212847986769,4632,6344.748779999997,5722.31361,0.9018975862429659,0.6978767053834561
2020,9.835564598661716,101734,2.772588722239781,5.910829949718949,9.67415717094526,4632,18686.649149999954,15901.316300000019,0.8509453017691007,0.7396636596641324
2021,11.047726983368952,101734,2.8903717578961645,5.7869055715172175,10.958654172964364,4632,62801.04443000003,57449.07447000001,0.9147789657230065,0.6880496159890036
2022,11.350184193109165,101734,2.8903717578961645,5.645842579068331,11.268401165782343,4632,84981.10300000012,78307.69599999992,0.9214718712229448,0.6830521209998494
2023,11.841028127062904,101734,3.044522437723423,5.458296598743085,11.768525527332972,4632,138833.14939899996,129123.62106999996,0.9300633287436615,0.6767424288523988
2021,7.347206023675192,101856,2.302585092994046,7.071938883139889,6.859729681956742,4632,1551.8546200000003,953.1093900000001,0.6141744063628847,1.0248120233597686
2022,8.013616709019265,101856,2.302585092994046,7.066111505943156,7.710350347501081,4632,3021.8264400000003,2231.32386,0.7384023881927513,0.8523988087593124
2023,7.855368875253978,101856,2.6390573296152584,7.034321945359715,7.244529270070891,4632,2579.5464689999994,1400.42252,0.5428948603290311,1.1593650300890035
2015,8.922197046496912,102227,3.367295829986474,5.788420362146798,8.703288478723765,4632,7496.541400000005,6022.685160000001,0.8033951710051247,0.7834417467223208
2016,9.113023456323653,102227,3.4339872044851463,6.991112726829312,8.903523296837308,4632,9072.684330000018,7357.851819999998,0.8109895100913297,0.7761053728175239
2017,9.2700199233542,102227,3.4657359027997265,7.835984364282412,9.07605613260508,4632,10614.963369999992,8743.415070000005,0.8236877288442316,0.7641406980333459
2018,9.48688137530478,102227,3.49650756146648,7.76555188417252,9.306060823971,4632,13185.610169999984,11004.513920000027,0.8345851104439288,0.7541631263296056
2019,9.583985141870356,102227,3.4657359027997265,7.690158929839296,9.430813618798682,4632,14530.209019999978,12466.665720000005,0.8579825453880513,0.7335968773069379
2020,9.679172100439356,102227,3.49650756146648,7.619109088419877,9.50102831850858,4632,15981.260569999993,13373.471949999981,0.8368220949419127,0.7521471049640757
2021,9.749280203603206,102227,3.4011973816621555,7.613037995154683,9.572537917738238,4632,17141.885699999995,14364.82684999999,0.8379957200391317,0.7510937120909651
2022,9.65355242636628,102227,3.044522437723423,7.5695092180452415,9.487903866094484,4632,15577.026169999994,13199.09923000003,0.8473439722031382,0.742807332946531
2023,9.725564983193724,102227,2.9444389791664403,7.473051525377975,9.547965597935368,4632,16740.14462000001,14016.151159999998,0.8372777821318481,0.7517377500188072
2015,9.147521785302988,102289,3.951243718581428,7.663076435782957,8.821450898844198,4632,9391.13826,6778.091819999996,0.7217540230314953,0.8720606965748312
2016,9.150664456120902,102289,3.912023005428146,7.6830983950481135,8.843084037779603,4632,9420.697940000007,6926.320769999997,0.7352237396967205,0.8560840491088676
2017,9.1981859027738,102289,3.912023005428146,7.886419010193143,8.906842621771752,4632,9879.190979999987,7382.315500000004,0.7472591141263689,0.8422959374893519
2018,9.167805643856417,102289,3.8918202981106265,7.892785170694498,8.854341536567416,4632,9583.571830000006,7004.734360000001,0.7309106128961937,0.8611358283422871
2019,9.145256001623364,102289,3.8918202981106265,7.868027982744936,8.81845781891382,4632,9369.88406,6757.834780000006,0.7212292848797539,0.8726951737483465
2020,9.084116506788538,102289,3.8918202981106265,7.859271009456293,8.723972795080794,4632,8814.175060000005,6148.55759,0.6975760690189874,0.9022862796392754
2021,9.148190101762356,102289,3.871201010907891,7.855569914031338,8.77817621625747,4632,9397.416609999997,6491.028139999995,0.690724739509021,0.9112360975052527
2023,9.317342829908718,102289,3.7612001156935615,7.845587858165473,8.95822156955884,4632,11129.369900000009,7771.524050000005,0.6982896713676485,0.9013642072748737
2015,9.113356785006768,102446,2.995732273553991,7.092139565219524,8.848273869672592,4632,9075.709020000024,6962.3606500000005,0.767142339475311,0.8204648390428059
2016,9.09490079390186,102446,3.258096538021482,6.900505089763314,8.7895965291815,4632,8909.74405000002,6565.58262,0.7368991278711295,0.8541376862514155
2017,9.20857975600106,102446,2.9444389791664403,6.95218565784608,8.976763027459715,4632,9982.409329999991,7916.963599999997,0.7930914610170573,0.7936200892560051
2018,9.295947178685308,102446,3.091042453358316,6.796527886811545,9.019462659455112,4632,10893.77908000001,8262.33619999999,0.7584453603588208,0.8298729862132149
2019,9.393892265678522,102446,3.295836866004329,6.675735248030101,9.104371310080538,4632,12014.773129000003,8994.524749999995,0.7486221049226433,0.8407623979331618
2020,8.899447286756093,102446,2.8903717578961645,6.550318830886984,8.577872529853337,4632,7327.922179999994,5312.790689999998,0.725006428766415,0.868148599939269
2021,9.216821541747567,102446,3.044522437723423,6.541702514703385,8.920418297926348,4632,10065.022179999982,7483.218789999999,0.7434875607993954,0.8465687245712482
2022,9.62697012148276,102446,3.367295829986474,6.398590358817584,9.415468379121512,4632,15168.407979000009,12276.822070000006,0.8093678708402836,0.777660367747335
2023,9.684809575623865,102446,3.258096538021482,6.267431356817694,9.41730344086791,4632,16071.608959000007,12299.371480000009,0.7652856357678136,0.8224554162042256
2015,8.035710058472272,102572,2.302585092994046,5.534210258523187,7.844023736547343,4632,3089.331669999998,2550.4465399999995,0.8255657897683744,0.7624023716597129
2017,7.833643051587082,102572,2.3978952727983707,5.497092566693457,7.584341841350524,4632,2524.108100000001,1967.1515100000004,0.7793451912776634,0.8076181429292819
2018,7.803912297077031,102572,2.3978952727983707,5.422863569233526,7.539563986119207,4632,2450.1690399999998,1881.0097000000007,0.7677060926375925,0.8198623433064987
2019,7.824943244222026,102572,2.302585092994046,5.44523119484782,7.567341725643493,4632,2502.24409,1933.99236,0.7729031583005956,0.8143495201448544
2020,7.797657792238176,102572,2.302585092994046,5.346428586000943,7.544591439503746,4632,2434.892269999999,1890.4902000000004,0.776416362765816,0.8106646720303307
2021,7.901330558917671,102572,2.302585092994046,5.2691371346397,7.607778773412988,4632,2700.87361,2013.8000200000006,0.7456106100425782,0.8441582075187876
2022,7.934654159571553,102572,2.4849066497880004,5.1853676254326135,7.652333585680401,4632,2792.392850000001,2105.55335,0.7540319228363586,0.834730330398928
2015,9.585547324552287,102661,4.31748811353631,7.036072879634165,9.263660548699203,4632,14552.92559999998,10547.673029999982,0.7247802483096591,0.8684195210182086
2016,9.681801602155351,102661,4.454347296253507,7.1376331040884,9.365515527705892,4632,16023.338619999975,11678.625009999972,0.7288509147165481,0.8635693574251916
2017,9.732553572549511,102661,4.430816798843313,7.255622100049732,9.384635838203575,4632,16857.544367999988,11904.072389999985,0.7061569662896463,0.8913221084366735
2018,9.751400032097768,102661,4.406719247264253,7.260167693235229,9.397950300649072,4632,17178.26210000004,12063.628559999972,0.7022612933586537,0.8962665635041389
2019,9.808069364399111,102661,4.454347296253507,7.132786942689768,9.432439005553954,4632,18179.85449999997,12486.945349999998,0.6868561764341964,0.9163684300665714
2020,9.294128200996685,102661,4.442651256490317,6.974297229414364,8.887077161581338,4632,10873.981550000017,7237.833219999999,0.6656102170782134,0.9456184714883552
2021,9.58213115431504,102661,4.290459441148391,6.833171712212762,9.183098464869056,4632,14503.295149999962,9731.25807000001,0.6709687673976652,0.938066489326613
2022,9.876548018983444,102661,4.442651256490317,7.508708105008672,9.538787186589332,4632,19468.40198,13888.093739999971,0.7133658815072388,0.8823148574903433
2023,9.97812056554606,102661,4.465908118654584,7.465463397043329,9.615898835726574,4632,21549.77308000002,15001.400400000004,0.6961279983928252,0.9041631963283775
2015,7.6365585818913315,104323,2.5649493574615367,7.061595739267717,7.333546289219028,4632,2072.5988500000003,1530.80082,0.738590017069632,0.8521822682869993
2016,7.622228920312107,104323,2.833213344056216,7.100685382301022,7.301148271442968,4632,2043.1109899999992,1482.0006899999996,0.7253647487844017,0.8677197467003065
2017,7.824281143210514,104323,2.5649493574615367,7.426308900701248,7.467827973948214,4632,2500.587900000001,1750.7997699999999,0.7001552594891782,0.8989624908905807
2018,8.140198212577666,104323,3.044522437723423,7.362727754325578,7.762381057332434,4632,3429.59759,2350.4946099999997,0.6853558029238059,0.9183745339214808
2019,8.133119791463859,104323,2.9444389791664403,6.130813512915708,7.801986200598247,4632,3405.407169999997,2445.454319999999,0.718109229798797,0.8764868768737095
2020,7.930998432359382,104323,2.772588722239781,6.4221524686886005,7.558309314126347,4632,2782.203259999999,1916.602400000001,0.6888793595907158,0.9136771298453276
2021,7.947181639792169,104323,2.995732273553991,7.296679490960767,7.563239812772741,4632,2827.5945299999994,1926.0755399999998,0.6811710517773566,0.9240165365780382
2022,8.181081274672021,104323,3.044522437723423,7.280105291594112,7.836371028817729,4632,3572.715660000003,2531.0032099999994,0.7084255929843567,0.8884677830864746
2023,8.43979755681805,104323,2.6390573296152584,7.265941459427527,8.124607861711032,4632,4627.6180600000025,3376.5435999999986,0.7296504500200686,0.8626230766570773
2016,8.128350476663849,104623,2.9444389791664403,2.9931153524007765,7.755533909495146,4632,3389.204379999999,2334.4553999999985,0.6887915682441078,0.9137935844439204
2017,8.800848007345726,104623,2.70805020110221,2.787944590084765,8.459336995594821,4632,6639.872279999996,4718.928289999997,0.7106956415733948,0.8856299085879956
2018,9.131548761662197,104623,3.295836866004329,7.385992084922279,8.804207748629285,4632,9242.325048999997,6662.21805,0.7208378859950224,0.8731690277512395
2019,9.747658341012412,104623,3.367295829986474,7.276290648183652,9.44863541669591,4632,17114.106449999992,12690.835740000008,0.741542409887255,0.8487893715697654
2020,9.249594058624297,104623,3.218875824868201,7.15298017698536,8.842249003665627,4632,10400.342930000028,6920.539470000001,0.6654145460951625,0.9458965388930928
2021,9.567819471295287,104623,2.772588722239781,7.094415858586618,9.14754992313623,4632,14297.206839999964,9391.402510000007,0.6568697379214827,0.9582011162093874
2022,9.667887456480464,104623,2.8903717578961645,6.97992368711133,9.135153132084042,4632,15801.931470000012,9275.697919999999,0.586997731107107,1.0722585160481415
2023,9.208845668463242,104623,2.8903717578961645,6.929921855046441,8.698540021651903,4632,9985.064130000008,5994.154490000001,0.6003120672996615,1.0484768678926861
2022,8.185444605290888,106066,3.091042453358316,5.407974274480523,7.856920966829547,4632,3588.3386590000027,2583.5532699999994,0.719985908665595,0.8742022704959218
2023,9.078476057575688,106066,3.784189633918261,5.753078701230642,8.703831945687881,4632,8764.599100000009,6025.959180000003,0.6875339204048702,0.9154651100121548
2022,6.577501096729145,106427,2.302585092994046,4.859712476888468,4.887131242089418,4632,718.741019,132.57270900000006,0.1844512912098037,3.412355164077479
2023,6.537838779905691,106427,2.302585092994046,4.811370853838046,4.840556250977235,4632,690.7920099999998,126.53971999999995,0.18318063638286725,3.4360253818803805
2015,7.861632651177944,106871,2.3978952727983707,6.716318875900565,7.605761420647711,4632,2595.75488,2009.7415699999974,0.7742416610616166,0.8129416792393994
2016,8.037613689902965,106871,2.3978952727983707,7.123739849837271,7.83374900023199,4632,3095.218219999999,2524.37554,0.8155727191344851,0.7717439552765919
2017,7.971933305143826,106871,2.4849066497880004,7.394412612276887,7.738586148191059,4632,2898.45555,2295.22498,0.7918786196324452,0.7948355978756924
2018,7.979761015061337,106871,2.4849066497880004,7.502805704340318,7.639281121154067,4632,2921.2328499999985,2078.249269999996,0.7114288304679297,0.8847171904272519
2019,8.471335813312404,106871,2.3978952727983707,7.452153011763535,8.253271267026177,4632,4775.890908999997,3840.1675100000007,0.8040735400306864,0.7827807840269334
2020,8.091291857911003,106871,2.5649493574615367,7.543219807136635,7.757423694524774,4632,3265.9039300000004,2338.87119,0.7161481905562358,0.8788869739259749
2021,8.046219955934266,106871,2.70805020110221,7.591320392821354,7.64968251842236,4632,3121.971449000001,2099.9787789999973,0.672645094071133,0.9357286950107024
2022,8.505955589424978,106871,2.833213344056216,8.087911071642303,8.210120579708336,4632,4944.126519999995,3677.985930000001,0.7439101558428575,0.8460878119984813
2023,8.042207369715557,106871,3.1780538303479458,7.99680756610868,7.506479949642228,4632,3109.4693690000017,1819.7964800000002,0.5852434174597586,1.0754726961517873
2022,6.460692297312404,108423,2.8903717578961645,9.39311351928779,6.006213987356149,4632,639.5036299999999,405.94350000000003,0.6347790394872349,0.9915471005296005
2023,6.9207073772478855,108423,2.302585092994046,9.365383555689046,5.814081694811663,4632,1013.0363400000003,334.9836399999999,0.3306728759602048,1.9034319469138437
2015,9.81957894878144,108458,3.610917912644224,7.178073434913844,9.6403080674666,4632,18390.305850000048,15372.078639999994,0.8358794446042318,0.7529953274285195
2016,9.889948348765763,108458,3.58351893845611,7.149304293778271,9.729503206810998,4632,19731.04077999999,16806.201040000004,0.8517645484284491,0.73895223420819
2017,9.938281780357874,108458,3.610917912644224,7.022543033258696,9.791518752406,4632,20708.13258,17881.443040000035,0.8634985781996589,0.728910657146443
2018,9.937570524687452,108458,3.6375861597263857,7.028976707695303,9.798774283480132,4632,20693.409039999973,18011.654209999993,0.870405363136823,0.7231266519454937
2019,9.983605084025678,108458,3.555348061489413,7.334238824009944,9.85428181085132,4632,21668.287910000006,19039.70492999999,0.8786898627654419,0.7163088397305757
2020,9.618292016089782,108458,3.555348061489413,7.659743835850346,9.479894779149392,4632,15037.344449999997,13093.8087,0.8707527278860732,0.722838178880656
2021,9.930504489108516,108458,3.555348061489413,7.572025473910758,9.800775262786198,4632,20547.70406,18047.731239999994,0.8783332282429219,0.7165996865900817
2022,10.25388442626827,108458,3.555348061489413,7.534663533535221,10.1186520198568,4632,28392.617019999983,24801.31661,0.8735128781024222,0.7205541347573948
2015,9.59790798922274,109377,4.143134726391533,8.172958324993886,9.20834065487404,4632,14733.925770000033,9980.022809999991,0.6773498771332529,0.9292292466995016
2016,9.848142587521105,109377,4.605170185988092,8.152006698224367,9.538877854389916,4632,18923.173999999995,13889.352999999996,0.7339864337769129,0.8575271791356239
2017,10.001944477504257,109377,4.477336814478207,8.770749083516929,9.68031388264336,4632,22069.337429999985,15999.518110000012,0.7249659470180126,0.868197076937869
2018,10.524616054271316,109377,5.010635294096256,8.911758146786543,10.25347979664322,4632,37220.54059000005,28381.130850000027,0.762512591169219,0.825446456058391
2019,10.687190473900676,109377,5.081404364984463,9.012320630517342,10.401417716008678,4632,43791.301200000016,32906.24432999999,0.7514333538460825,0.8376169527995911
2020,10.399510766299327,109377,4.969813299576001,9.229512898839989,10.199078536929,4632,32843.553570000026,26878.407199999932,0.8183769500676449,0.7690995158508642
2021,10.76660858393658,109377,5.293304824724492,9.985598575462532,10.506453047530176,4632,47410.95428000001,36550.60608999997,0.7709316685367499,0.8164320416038646
2022,11.162449551421162,109377,5.480638923341991,10.094890594199004,10.918827611246856,4632,70435.27989000005,55206.03805000001,0.7837838954600053,0.8030444612684059
2023,11.345966182362297,109377,5.707110264748875,10.119543121749624,11.075368669720635,4632,84623.40670800002,64561.18576999989,0.7629235016828563,0.8250018706884412
2015,9.10471268174152,109470,3.4339872044851463,8.811668906232372,8.46218479404532,4632,8997.595750000006,4732.386000000002,0.5259611713495796,1.1966916007611397
2016,9.197032711543889,109470,3.5263605246161616,8.881677360428682,8.616113166245595,4632,9867.804950000018,5519.889750000005,0.5593837512971914,1.1251905594700329
2017,9.296712928129892,109470,3.6635616461296463,9.022638646797343,8.717789167541515,4632,10902.124180000008,6110.654510000005,0.5605012756330574,1.1229471607707628
2018,9.230569403447218,109470,3.610917912644224,9.052365204761402,8.660100886804988,4632,10204.350249999992,5768.116560000002,0.5652605426788448,1.1134923960863412
2019,9.263604790770978,109470,3.610917912644224,9.02185823048898,8.548767716063464,4632,10547.084930000008,5160.391439999996,0.48927182005729725,1.2864287095194318
2020,9.524991335549018,109470,3.6635616461296463,9.007195478987914,8.874593248396954,4632,13697.81123999999,7148.0383999999995,0.5218379984041892,1.2061469613276818
2021,9.883809855845795,109470,3.6635616461296463,9.129898314406423,9.363298704668608,4632,19610.292910000004,11652.764239999999,0.5942167357458403,1.0592318900115034
2022,10.14249432303406,109470,3.610917912644224,9.075344130984972,9.738605077357676,4632,25399.742699999977,16959.867169999976,0.6677180698369827,0.9426333425935262
2023,9.600357031578325,109470,3.5263605246161616,8.93833477890941,9.38441451213515,4632,14770.054000000035,11901.438,0.8057816173183912,0.7811214633751447
2016,6.836167361130244,109559,2.302585092994046,2.740478668321548,6.643679128072823,4632,930.9144299999999,767.91506,0.8249040247447879,0.7630139958103161
2017,6.906811864106235,109559,2.302585092994046,2.740478668321548,6.6655472371317686,4632,999.0570299999999,784.89287,0.7856336990091547,0.8011536634367287
2019,6.808894317607719,109559,2.70805020110221,1.7691985413159483,6.53776353011268,4632,905.8686499999999,690.7400300000003,0.7625167622259589,0.825441940768794
2022,7.059088115271872,109559,2.5649493574615367,3.003907267051736,6.869860620629432,4632,1163.3838100000003,962.8143599999997,0.8275982111183062,0.7605300586984438
2023,6.833395459732982,109559,2.3978952727983707,4.003209604036579,6.603617741630901,4632,928.3375999999996,737.7593900000002,0.7947102325705654,0.7920035382514651
2023,7.439411895213192,110124,2.3978952727983707,2.2663960995308496,7.052209698791785,4632,1701.74912,1155.4090300000003,0.6789537990182715,0.9270340883144454
2015,8.157501538927283,110938,2.5649493574615367,6.756188461439076,7.914321523420996,4632,3489.4574300000004,2736.189459999998,0.7841303454445632,0.8026896545161586
2016,8.297945703082457,110938,2.70805020110221,6.895967262518631,7.99621785985615,4632,4015.614649999999,2969.70488,0.7395393081355554,0.8510883859133056
2017,8.473073751710952,110938,3.218875824868201,7.082018210435922,8.211033496980903,4632,4784.198330000003,3681.345159999997,0.7694800478725126,0.8179722369940042
2018,8.483184291220288,110938,2.995732273553991,7.203086720271516,8.201064480093226,4632,4832.8145099999965,3644.828089999998,0.754183319566304,0.8345627644515912
2019,8.469813739524163,110938,3.044522437723423,7.635570584991663,8.143977788035478,4632,4768.627179999997,3442.584539999999,0.7219236082112842,0.8718558430857176
2020,8.16887106252891,110938,2.995732273553991,7.638801660459512,7.763924221848248,4632,3529.357290000003,2354.1246099999976,0.66701226783418,0.9436307942644998
2021,8.531006222724208,110938,3.044522437723423,7.622594648530822,8.190963777125816,4632,5069.544359999996,3608.198070000003,0.7117401118865061,0.8843302570263155
2022,8.768346045311372,110938,3.1354942159291497,7.722198685600673,8.445119727630718,4632,6427.532819999998,4652.312689999998,0.7238100248238016,0.8695835847724709
2015,9.83944359121702,111078,4.3694478524670215,7.304422404761797,9.631579813183851,4632,18759.27528999999,15238.491069999964,0.8123176846881259,0.7748364069190293
2016,9.792564549892784,111078,4.30406509320417,7.314860681072274,9.484890867939509,4632,17900.153189999994,13159.390220000018,0.7351551732725714,0.8561638943227116
2017,9.817197897042872,111078,4.262679877041316,7.479737051984714,9.462595103810882,4632,18346.569669999993,12869.238159999994,0.7014520093662827,0.8973006102714959
2018,9.886065356623725,111078,4.262679877041316,7.474453992245869,9.562028203516784,4632,19654.573860000037,14214.647179999994,0.7232233718854064,0.8702889598820405
2019,9.922354624640915,111078,4.574710978503383,7.592293548982283,9.576258366308178,4632,20380.923598999994,14418.369990000001,0.7074443864117841,0.8897000643018294
2020,9.910651606808475,111078,4.624972813284271,7.854084958003995,9.562911388613331,4632,20143.795549999973,14227.206890000003,0.706282331683019,0.8911638984097008
2021,10.122834362139706,111078,4.553876891600541,8.217870563152198,9.7817635766283,4632,24905.261419999995,17707.854490000012,0.7110085773193228,0.8852401168683162
2022,10.223596041786928,111078,4.770684624465665,8.880291267603884,9.90572479454286,4632,27545.543519999985,20044.79493000001,0.7276964753099205,0.8649393496271506
2018,7.919448531851583,111542,2.302585092994046,3.4930530864809266,7.681541211084635,4632,2750.2539499999993,2167.9584799999993,0.7882757444998851,0.7984684553244227
2021,7.939892327838767,111542,2.3978952727983707,2.65798842878172,7.669783449437189,4632,2807.05825,2142.61741,0.7632963833222911,0.8245988450003852
2022,8.599927058055533,111542,2.302585092994046,1.777222653180011,8.420034321236406,4632,5431.263409999999,4537.059170000002,0.8353598099562627,0.7534637273410209
2023,8.520691331782533,111542,2.302585092994046,1.596867231460248,8.339485198152571,4632,5017.521329999999,4185.934259999998,0.8342633712331422,0.754453974348872
2020,8.1387329442005,112410,2.70805020110221,5.384577261245566,7.537722316724128,4632,3424.575988999997,1877.54869,0.5482572721501382,1.1480254764558235
2021,8.222350881538127,112410,2.6390573296152584,5.33996052781857,7.575381718147688,4632,3723.2450099999996,1949.6043200000004,0.5236304123858883,1.2020182579018879
2022,8.52441576174674,112410,2.3978952727983707,5.6698455775282905,7.714788685822799,4632,5036.2435799999985,2241.2492400000006,0.4450239954438425,1.4143356819507906
2023,8.837117314433112,112410,2.3978952727983707,5.7962507412600495,7.947525668131385,4632,6885.116380000002,2828.5674700000004,0.4108234797913466,1.5320772717280076
2017,9.10078566074186,113209,2.3978952727983707,3.7689502383164,9.045631061815802,4632,8962.331289999996,8481.402139999993,0.9463388336763878,0.6651035482030827
2018,9.092721469474215,113209,2.302585092994046,3.8053153605768806,8.918369033762097,4632,8890.347969999992,7467.899400000003,0.8400007992038145,0.7493008538528951
2019,9.098611522568996,113209,2.3978952727983707,3.638470505419544,8.956558638399347,4632,8942.867109999994,7758.611279999994,0.867575374269427,0.7254854560741222
2020,9.214696127883068,113209,2.302585092994046,3.41063338885444,9.092384006173996,4632,10043.652559999991,8887.348309999983,0.8848721375921421,0.7113042544126794
2022,9.059248763465524,113209,2.302585092994046,3.944204578788804,8.917869780847004,4632,8597.689328999999,7464.171959999999,0.8681602317059018,0.7249967150001323
2017,10.885005829491329,113866,5.288267030694535,9.20511412792296,10.619339065488704,4632,53370.09394000003,40918.56150000003,0.766694575167915,0.8209440062135352
2018,10.974570848128849,113866,5.25227342804663,9.166962962036376,10.719163019995944,4632,58370.78858,45214.04374999995,0.7746005296473237,0.8125650473891426
2020,11.039217686530629,113866,5.442417710521793,9.151964342554926,10.770896028290515,4632,62268.91891899997,47614.662489999886,0.7646617817781214,0.823126421483906
2021,11.111607604380197,113866,5.2574953720277815,9.533103268563464,10.847359054742748,4632,66943.72395,51398.23204000004,0.76778268383141,0.8197805568362353
2015,10.860725967031458,118705,3.737669618283368,8.841975798337748,10.80216159780394,4632,52089.880000000005,49126.87899999989,0.9431175306988591,0.6673752693517756
2016,10.86010006424403,118705,3.737669618283368,8.851997895620613,10.796948639916726,4632,52057.28700000001,48871.449,0.9388013055693815,0.6704435883786872
2017,10.896037319938864,118705,3.871201010907891,8.91813501822791,10.83425843911227,4632,53962.104999999974,50729.27500000001,0.9400907358969787,0.6695240066162165
2018,11.065758913239788,118705,3.8501476017100575,8.946378602176255,10.996841590804854,4632,63943.740000000034,59685.333000000006,0.9334038484455237,0.6743204638900383
2019,11.071810650467732,118705,3.828641396489095,9.106509685532686,10.997439481913258,4632,64331.88399999994,59721.028999999966,0.9283270640729256,0.6780081508332373
2020,11.232974100113308,118705,3.8501476017100575,9.067705381347604,11.155110328401715,4632,75582.04999999999,69920.23199999999,0.9250904414474072,0.6803803043254292
2021,11.450876429157685,118705,4.07753744390572,9.256719441314976,11.388013979681109,4632,93983.68,88257.50199999996,0.9390726347382862,0.6702498750333047
2015,8.84452247259759,121922,2.70805020110221,5.512872139675423,8.710723362999579,4632,6936.290999999994,6067.629999999999,0.8747657790020639,0.719522106590143
2015,8.61826401950631,124263,2.302585092994046,4.474537445352638,8.533455244544909,4632,5531.7750000000015,5081.975000000002,0.9186879437431928,0.6851219942170883
2020,8.044775450546501,128222,2.4849066497880004,5.337956261481897,7.694333602334313,4632,3117.464999999998,2195.8700000000003,0.7043767933240636,0.8935747486941376
2015,8.909397698433974,134275,2.9444389791664403,5.824692468132019,8.750799417560547,4632,7401.2019999999975,6315.734999999999,0.8533390927581764,0.7375887515549447
2016,11.549481061758176,268533,6.016157159698354,8.547289518066512,11.38517449329036,4632,103723.19691805785,88007.25148379793,0.8484818642190942,0.7418111601711336
2017,11.518897500503716,268533,5.976350909297934,8.470536872535401,11.380490787889885,4632,100598.99036897396,87596.0152512011,0.8707444769566679,0.7228450282916408
2018,11.332241009155776,268533,5.8888779583328805,8.362587401319441,11.190148383259125,4632,83469.87014673967,72413.52593701317,0.8675408960108659,0.7255142886919871
2019,11.465272434057509,268533,5.736572297479192,8.287798601661423,11.349500134255551,4632,95346.45524170187,84922.99080245083,0.8906780077683254,0.706667629144212
2020,11.715180300742537,268533,6.298949246855942,8.830587333587511,11.572572968217273,4632,122415.99281061915,106146.23185714804,0.8670944818571144,0.7258878118246997
2021,11.688240210351136,268533,6.248042874508429,8.746209133764507,11.545598315053144,4632,119162.12148679492,103321.24685710017,0.8670645131855077,0.7259129009537381
2022,11.898169384666357,268533,6.244166900663736,8.76665480153567,11.75176020593596,4632,146997.2833042099,126976.86784982898,0.8638041805646924,0.7286527783056894
2023,12.124108017447083,268533,6.263398262591624,8.77643372170985,11.97476851718266,4632,184260.90928557297,158699.62081348998,0.8612766616034259,0.7307910966828745
2018,10.394449002777506,274748,3.6375861597263857,7.239770423954513,7.335232107433093,4632,32677.727309329977,1533.3836483823302,0.046924427573166214,13.413340314042813
2017,9.784594010674477,275944,3.6375861597263857,5.957946793998986,9.660448216661807,4632,17758.046403174416,15684.813287452109,0.8832510587790954,0.7126097498830752
2018,9.812967724704746,275944,3.871201010907891,6.054510328560732,9.684592654369045,4632,18269.124437309012,16068.123063513724,0.8795234341225228,0.7156299555661999
2019,9.968364808603196,275944,4.02535169073515,7.393869339703322,9.846883126251818,4632,21340.5609025419,18899.355997329385,0.8856072754431801,0.7107138045648488
2020,9.904152977793396,275944,4.143134726391533,7.312078474064173,9.766297126663993,4632,20013.312934035406,17436.08392500033,0.8712242686890613,0.7224469504592843
2021,9.911985433039112,275944,4.158883083359672,6.929193054678457,9.760714637207847,4632,20170.681799695594,17339.0183561705,0.859614887010521,0.7322038340557834
2022,10.090572546427188,275944,4.110873864173311,7.227205082657353,9.945978559340745,4632,24114.5952071775,20868.133455428226,0.8653735746398517,0.7273313335717233
